timestamp,type,participantId,killerId,victimId,assistingParticipantIds,itemId,skillSlot,level,levelUpType,wardType,creatorId,teamId,laneType,buildingType,towerType,bounty,multiKillLength,monsterType,monsterSubType,position,realTimestamp,shutdownBounty,killStreakLength,afterId,beforeId,transformType,name
0,PAUSE_END,,,,,,,,,,,,,,,,,,,,1757634819354.0,,,,,,
0,ITEM_PURCHASED,0.0,,,,3865.0,,,,,,,,,,,,,,,,,,,,,
0,ITEM_PURCHASED,0.0,,,,3865.0,,,,,,,,,,,,,,,,,,,,,
60024,ITEM_PURCHASED,7.0,,,,1102.0,,,,,,,,,,,,,,,,,,,,,
60024,ITEM_PURCHASED,4.0,,,,1055.0,,,,,,,,,,,,,,,,,,,,,
60024,ITEM_PURCHASED,4.0,,,,2003.0,,,,,,,,,,,,,,,,,,,,,
60024,ITEM_PURCHASED,7.0,,,,2003.0,,,,,,,,,,,,,,,,,,,,,
60024,ITEM_PURCHASED,7.0,,,,3340.0,,,,,,,,,,,,,,,,,,,,,
60024,ITEM_PURCHASED,5.0,,,,2003.0,,,,,,,,,,,,,,,,,,,,,
60024,ITEM_PURCHASED,5.0,,,,2003.0,,,,,,,,,,,,,,,,,,,,,
60024,ITEM_PURCHASED,5.0,,,,3340.0,,,,,,,,,,,,,,,,,,,,,
60024,ITEM_PURCHASED,8.0,,,,3340.0,,,,,,,,,,,,,,,,,,,,,
60024,ITEM_PURCHASED,8.0,,,,1056.0,,,,,,,,,,,,,,,,,,,,,
60024,ITEM_PURCHASED,8.0,,,,2003.0,,,,,,,,,,,,,,,,,,,,,
60024,ITEM_PURCHASED,8.0,,,,2003.0,,,,,,,,,,,,,,,,,,,,,
60024,ITEM_PURCHASED,3.0,,,,1056.0,,,,,,,,,,,,,,,,,,,,,
60024,ITEM_PURCHASED,3.0,,,,2003.0,,,,,,,,,,,,,,,,,,,,,
60024,ITEM_PURCHASED,3.0,,,,2003.0,,,,,,,,,,,,,,,,,,,,,
60024,ITEM_PURCHASED,3.0,,,,3340.0,,,,,,,,,,,,,,,,,,,,,
60024,ITEM_PURCHASED,10.0,,,,2003.0,,,,,,,,,,,,,,,,,,,,,
60024,ITEM_PURCHASED,10.0,,,,2003.0,,,,,,,,,,,,,,,,,,,,,
60024,ITEM_PURCHASED,2.0,,,,1103.0,,,,,,,,,,,,,,,,,,,,,
60024,ITEM_PURCHASED,1.0,,,,2003.0,,,,,,,,,,,,,,,,,,,,,
60024,ITEM_PURCHASED,1.0,,,,1054.0,,,,,,,,,,,,,,,,,,,,,
60024,ITEM_PURCHASED,6.0,,,,1054.0,,,,,,,,,,,,,,,,,,,,,
60024,ITEM_PURCHASED,6.0,,,,2003.0,,,,,,,,,,,,,,,,,,,,,
60024,ITEM_PURCHASED,6.0,,,,3340.0,,,,,,,,,,,,,,,,,,,,,
60024,SKILL_LEVEL_UP,3.0,,,,,3.0,,NORMAL,,,,,,,,,,,,,,,,,,
60024,ITEM_PURCHASED,9.0,,,,1055.0,,,,,,,,,,,,,,,,,,,,,
60024,ITEM_PURCHASED,9.0,,,,2003.0,,,,,,,,,,,,,,,,,,,,,
60024,WARD_PLACED,,,,,,,,,YELLOW_TRINKET,2.0,,,,,,,,,,,,,,,,
60024,SKILL_LEVEL_UP,4.0,,,,,1.0,,NORMAL,,,,,,,,,,,,,,,,,,
60024,WARD_PLACED,,,,,,,,,YELLOW_TRINKET,5.0,,,,,,,,,,,,,,,,
60024,ITEM_DESTROYED,2.0,,,,3340.0,,,,,,,,,,,,,,,,,,,,,
60024,ITEM_PURCHASED,2.0,,,,3364.0,,,,,,,,,,,,,,,,,,,,,
60024,WARD_PLACED,,,,,,,,,YELLOW_TRINKET,8.0,,,,,,,,,,,,,,,,
120039,SKILL_LEVEL_UP,2.0,,,,,2.0,,NORMAL,,,,,,,,,,,,,,,,,,
120039,WARD_PLACED,,,,,,,,,YELLOW_TRINKET,7.0,,,,,,,,,,,,,,,,
120039,SKILL_LEVEL_UP,8.0,,,,,1.0,,NORMAL,,,,,,,,,,,,,,,,,,
120039,SKILL_LEVEL_UP,5.0,,,,,1.0,,NORMAL,,,,,,,,,,,,,,,,,,
120039,SKILL_LEVEL_UP,7.0,,,,,1.0,,NORMAL,,,,,,,,,,,,,,,,,,
120039,SKILL_LEVEL_UP,1.0,,,,,1.0,,NORMAL,,,,,,,,,,,,,,,,,,
120039,SKILL_LEVEL_UP,9.0,,,,,1.0,,NORMAL,,,,,,,,,,,,,,,,,,
120039,SKILL_LEVEL_UP,6.0,,,,,3.0,,NORMAL,,,,,,,,,,,,,,,,,,
120039,LEVEL_UP,7.0,,,,,,2.0,,,,,,,,,,,,,,,,,,,
120039,SKILL_LEVEL_UP,7.0,,,,,2.0,,NORMAL,,,,,,,,,,,,,,,,,,
120039,LEVEL_UP,2.0,,,,,,2.0,,,,,,,,,,,,,,,,,,,
120039,ITEM_DESTROYED,7.0,,,,2003.0,,,,,,,,,,,,,,,,,,,,,
120039,SKILL_LEVEL_UP,2.0,,,,,3.0,,NORMAL,,,,,,,,,,,,,,,,,,
180135,SKILL_LEVEL_UP,10.0,,,,,2.0,,NORMAL,,,,,,,,,,,,,,,,,,
180135,LEVEL_UP,3.0,,,,,,2.0,,,,,,,,,,,,,,,,,,,
180135,LEVEL_UP,4.0,,,,,,2.0,,,,,,,,,,,,,,,,,,,
180135,LEVEL_UP,5.0,,,,,,2.0,,,,,,,,,,,,,,,,,,,
180135,LEVEL_UP,8.0,,,,,,2.0,,,,,,,,,,,,,,,,,,,
180135,SKILL_LEVEL_UP,3.0,,,,,1.0,,NORMAL,,,,,,,,,,,,,,,,,,
180135,SKILL_LEVEL_UP,5.0,,,,,3.0,,NORMAL,,,,,,,,,,,,,,,,,,
180135,SKILL_LEVEL_UP,8.0,,,,,3.0,,NORMAL,,,,,,,,,,,,,,,,,,
180135,SKILL_LEVEL_UP,4.0,,,,,2.0,,NORMAL,,,,,,,,,,,,,,,,,,
180135,LEVEL_UP,1.0,,,,,,2.0,,,,,,,,,,,,,,,,,,,
180135,SKILL_LEVEL_UP,1.0,,,,,3.0,,NORMAL,,,,,,,,,,,,,,,,,,
180135,LEVEL_UP,6.0,,,,,,2.0,,,,,,,,,,,,,,,,,,,
180135,ITEM_DESTROYED,8.0,,,,2003.0,,,,,,,,,,,,,,,,,,,,,
180135,ITEM_DESTROYED,3.0,,,,2003.0,,,,,,,,,,,,,,,,,,,,,
180135,SKILL_LEVEL_UP,6.0,,,,,1.0,,NORMAL,,,,,,,,,,,,,,,,,,
180135,LEVEL_UP,10.0,,,,,,2.0,,,,,,,,,,,,,,,,,,,
180135,LEVEL_UP,9.0,,,,,,2.0,,,,,,,,,,,,,,,,,,,
180135,SKILL_LEVEL_UP,9.0,,,,,3.0,,NORMAL,,,,,,,,,,,,,,,,,,
180135,SKILL_LEVEL_UP,10.0,,,,,1.0,,NORMAL,,,,,,,,,,,,,,,,,,
180135,WARD_PLACED,,,,,,,,,YELLOW_TRINKET,1.0,,,,,,,,,,,,,,,,
180135,LEVEL_UP,2.0,,,,,,3.0,,,,,,,,,,,,,,,,,,,
180135,SKILL_LEVEL_UP,2.0,,,,,1.0,,NORMAL,,,,,,,,,,,,,,,,,,
180135,LEVEL_UP,7.0,,,,,,3.0,,,,,,,,,,,,,,,,,,,
180135,ITEM_DESTROYED,10.0,,,,2003.0,,,,,,,,,,,,,,,,,,,,,
180135,SKILL_LEVEL_UP,7.0,,,,,3.0,,NORMAL,,,,,,,,,,,,,,,,,,
180135,LEVEL_UP,3.0,,,,,,3.0,,,,,,,,,,,,,,,,,,,
180135,SKILL_LEVEL_UP,3.0,,,,,2.0,,NORMAL,,,,,,,,,,,,,,,,,,
180135,LEVEL_UP,1.0,,,,,,3.0,,,,,,,,,,,,,,,,,,,
180135,SKILL_LEVEL_UP,1.0,,,,,2.0,,NORMAL,,,,,,,,,,,,,,,,,,
180135,ITEM_DESTROYED,3.0,,,,2003.0,,,,,,,,,,,,,,,,,,,,,
180135,CHAMPION_KILL,,8.0,3.0,[7],,,,,,,,,,,300.0,,,,"{""x"": 6501, ""y"": 6592}",,0.0,0.0,,,,
180135,CHAMPION_SPECIAL_KILL,,8.0,,,,,,,,,,,,,,,,,"{""x"": 6679, ""y"": 6738}",,,,,,,
180135,FEAT_UPDATE,,,,,,,,,,,200.0,,,,,,,,,,,,,,,
180135,LEVEL_UP,8.0,,,,,,3.0,,,,,,,,,,,,,,,,,,,
180135,SKILL_LEVEL_UP,8.0,,,,,2.0,,NORMAL,,,,,,,,,,,,,,,,,,
180135,LEVEL_UP,6.0,,,,,,3.0,,,,,,,,,,,,,,,,,,,
180135,ITEM_DESTROYED,9.0,,,,2003.0,,,,,,,,,,,,,,,,,,,,,
180135,WARD_PLACED,,,,,,,,,UNDEFINED,1.0,,,,,,,,,,,,,,,,
180135,WARD_PLACED,,,,,,,,,UNDEFINED,1.0,,,,,,,,,,,,,,,,
180135,WARD_PLACED,,,,,,,,,UNDEFINED,1.0,,,,,,,,,,,,,,,,
180135,WARD_PLACED,,,,,,,,,UNDEFINED,1.0,,,,,,,,,,,,,,,,
180135,WARD_PLACED,,,,,,,,,UNDEFINED,1.0,,,,,,,,,,,,,,,,
180135,WARD_PLACED,,,,,,,,,UNDEFINED,1.0,,,,,,,,,,,,,,,,
180135,WARD_PLACED,,,,,,,,,UNDEFINED,1.0,,,,,,,,,,,,,,,,
180135,WARD_PLACED,,,,,,,,,UNDEFINED,1.0,,,,,,,,,,,,,,,,
180135,WARD_PLACED,,,,,,,,,UNDEFINED,1.0,,,,,,,,,,,,,,,,
180135,WARD_PLACED,,,,,,,,,UNDEFINED,1.0,,,,,,,,,,,,,,,,
180135,WARD_PLACED,,,,,,,,,UNDEFINED,1.0,,,,,,,,,,,,,,,,
180135,WARD_PLACED,,,,,,,,,UNDEFINED,1.0,,,,,,,,,,,,,,,,
180135,WARD_PLACED,,,,,,,,,UNDEFINED,1.0,,,,,,,,,,,,,,,,
180135,WARD_PLACED,,,,,,,,,UNDEFINED,1.0,,,,,,,,,,,,,,,,
180135,WARD_PLACED,,,,,,,,,UNDEFINED,1.0,,,,,,,,,,,,,,,,
180135,WARD_PLACED,,,,,,,,,UNDEFINED,1.0,,,,,,,,,,,,,,,,
180135,WARD_PLACED,,,,,,,,,UNDEFINED,1.0,,,,,,,,,,,,,,,,
180135,WARD_PLACED,,,,,,,,,UNDEFINED,1.0,,,,,,,,,,,,,,,,
180135,ITEM_DESTROYED,4.0,,,,2003.0,,,,,,,,,,,,,,,,,,,,,
180135,SKILL_LEVEL_UP,6.0,,,,,2.0,,NORMAL,,,,,,,,,,,,,,,,,,
180135,ITEM_DESTROYED,4.0,,,,2010.0,,,,,,,,,,,,,,,,,,,,,
180135,ITEM_DESTROYED,8.0,,,,2003.0,,,,,,,,,,,,,,,,,,,,,
180135,ITEM_DESTROYED,1.0,,,,2003.0,,,,,,,,,,,,,,,,,,,,,
180135,CHAMPION_KILL,,2.0,8.0,,,,,,,,,,,,300.0,,,,"{""x"": 7370, ""y"": 7566}",,9.0,0.0,,,,
180135,FEAT_UPDATE,,,,,,,,,,,100.0,,,,,,,,,,,,,,,
240151,WARD_PLACED,,,,,,,,,YELLOW_TRINKET,5.0,,,,,,,,,,,,,,,,
240151,ITEM_PURCHASED,3.0,,,,1052.0,,,,,,,,,,,,,,,,,,,,,
240151,WARD_PLACED,,,,,,,,,YELLOW_TRINKET,10.0,,,,,,,,,,,,,,,,
240151,ITEM_DESTROYED,6.0,,,,2003.0,,,,,,,,,,,,,,,,,,,,,
240151,ITEM_PURCHASED,8.0,,,,1082.0,,,,,,,,,,,,,,,,,,,,,
240151,ITEM_DESTROYED,6.0,,,,2010.0,,,,,,,,,,,,,,,,,,,,,
240151,ITEM_PURCHASED,8.0,,,,1001.0,,,,,,,,,,,,,,,,,,,,,
240151,LEVEL_UP,10.0,,,,,,3.0,,,,,,,,,,,,,,,,,,,
240151,LEVEL_UP,9.0,,,,,,3.0,,,,,,,,,,,,,,,,,,,
240151,SKILL_LEVEL_UP,10.0,,,,,3.0,,NORMAL,,,,,,,,,,,,,,,,,,
240151,SKILL_LEVEL_UP,9.0,,,,,2.0,,NORMAL,,,,,,,,,,,,,,,,,,
240151,CHAMPION_KILL,,7.0,2.0,,,,,,,,,,,,300.0,,,,"{""x"": 8691, ""y"": 6343}",,17.0,0.0,,,,
240151,FEAT_UPDATE,,,,,,,,,,,200.0,,,,,,,,,,,,,,,
240151,LEVEL_UP,1.0,,,,,,4.0,,,,,,,,,,,,,,,,,,,
240151,SKILL_LEVEL_UP,1.0,,,,,1.0,,NORMAL,,,,,,,,,,,,,,,,,,
240151,ITEM_PURCHASED,2.0,,,,1037.0,,,,,,,,,,,,,,,,,,,,,
240151,LEVEL_UP,4.0,,,,,,3.0,,,,,,,,,,,,,,,,,,,
240151,LEVEL_UP,5.0,,,,,,3.0,,,,,,,,,,,,,,,,,,,
240151,SKILL_LEVEL_UP,5.0,,,,,2.0,,NORMAL,,,,,,,,,,,,,,,,,,
240151,SKILL_LEVEL_UP,4.0,,,,,3.0,,NORMAL,,,,,,,,,,,,,,,,,,
240151,LEVEL_UP,6.0,,,,,,4.0,,,,,,,,,,,,,,,,,,,
240151,LEVEL_UP,7.0,,,,,,4.0,,,,,,,,,,,,,,,,,,,
240151,SKILL_LEVEL_UP,7.0,,,,,1.0,,NORMAL,,,,,,,,,,,,,,,,,,
240151,SKILL_LEVEL_UP,6.0,,,,,2.0,,NORMAL,,,,,,,,,,,,,,,,,,
240151,ITEM_DESTROYED,5.0,,,,2010.0,,,,,,,,,,,,,,,,,,,,,
240151,WARD_PLACED,,,,,,,,,UNDEFINED,1.0,,,,,,,,,,,,,,,,
240151,WARD_PLACED,,,,,,,,,UNDEFINED,1.0,,,,,,,,,,,,,,,,
240151,WARD_PLACED,,,,,,,,,UNDEFINED,1.0,,,,,,,,,,,,,,,,
240151,WARD_PLACED,,,,,,,,,UNDEFINED,1.0,,,,,,,,,,,,,,,,
240151,WARD_PLACED,,,,,,,,,UNDEFINED,1.0,,,,,,,,,,,,,,,,
240151,WARD_PLACED,,,,,,,,,UNDEFINED,1.0,,,,,,,,,,,,,,,,
240151,WARD_PLACED,,,,,,,,,UNDEFINED,1.0,,,,,,,,,,,,,,,,
240151,WARD_PLACED,,,,,,,,,UNDEFINED,1.0,,,,,,,,,,,,,,,,
240151,WARD_PLACED,,,,,,,,,UNDEFINED,1.0,,,,,,,,,,,,,,,,
240151,WARD_PLACED,,,,,,,,,UNDEFINED,1.0,,,,,,,,,,,,,,,,
240151,WARD_PLACED,,,,,,,,,UNDEFINED,1.0,,,,,,,,,,,,,,,,
240151,WARD_PLACED,,,,,,,,,UNDEFINED,1.0,,,,,,,,,,,,,,,,
240151,WARD_PLACED,,,,,,,,,UNDEFINED,1.0,,,,,,,,,,,,,,,,
240151,WARD_PLACED,,,,,,,,,UNDEFINED,1.0,,,,,,,,,,,,,,,,
240151,WARD_PLACED,,,,,,,,,UNDEFINED,1.0,,,,,,,,,,,,,,,,
240151,WARD_PLACED,,,,,,,,,UNDEFINED,1.0,,,,,,,,,,,,,,,,
240151,WARD_PLACED,,,,,,,,,UNDEFINED,1.0,,,,,,,,,,,,,,,,
240151,WARD_PLACED,,,,,,,,,UNDEFINED,1.0,,,,,,,,,,,,,,,,
240151,LEVEL_UP,3.0,,,,,,4.0,,,,,,,,,,,,,,,,,,,
240151,WARD_PLACED,,,,,,,,,YELLOW_TRINKET,7.0,,,,,,,,,,,,,,,,
240151,SKILL_LEVEL_UP,3.0,,,,,1.0,,NORMAL,,,,,,,,,,,,,,,,,,
300177,LEVEL_UP,2.0,,,,,,4.0,,,,,,,,,,,,,,,,,,,
300177,SKILL_LEVEL_UP,2.0,,,,,2.0,,NORMAL,,,,,,,,,,,,,,,,,,
300177,ITEM_PURCHASED,9.0,,,,1036.0,,,,,,,,,,,,,,,,,,,,,
300177,ITEM_PURCHASED,9.0,,,,1036.0,,,,,,,,,,,,,,,,,,,,,
300177,ITEM_PURCHASED,1.0,,,,1028.0,,,,,,,,,,,,,,,,,,,,,
300177,ITEM_PURCHASED,1.0,,,,1036.0,,,,,,,,,,,,,,,,,,,,,
300177,ITEM_PURCHASED,10.0,,,,1028.0,,,,,,,,,,,,,,,,,,,,,
300177,LEVEL_UP,8.0,,,,,,4.0,,,,,,,,,,,,,,,,,,,
300177,SKILL_LEVEL_UP,8.0,,,,,1.0,,NORMAL,,,,,,,,,,,,,,,,,,
300177,ITEM_PURCHASED,1.0,,,,2003.0,,,,,,,,,,,,,,,,,,,,,
300177,ITEM_PURCHASED,4.0,,,,1043.0,,,,,,,,,,,,,,,,,,,,,
300177,ITEM_PURCHASED,5.0,,,,1028.0,,,,,,,,,,,,,,,,,,,,,
300177,ITEM_PURCHASED,4.0,,,,2003.0,,,,,,,,,,,,,,,,,,,,,
300177,LEVEL_UP,6.0,,,,,,5.0,,,,,,,,,,,,,,,,,,,
300177,SKILL_LEVEL_UP,6.0,,,,,2.0,,NORMAL,,,,,,,,,,,,,,,,,,
300177,ITEM_PURCHASED,8.0,,,,2031.0,,,,,,,,,,,,,,,,,,,,,
300177,WARD_PLACED,,,,,,,,,UNDEFINED,1.0,,,,,,,,,,,,,,,,
300177,WARD_PLACED,,,,,,,,,UNDEFINED,1.0,,,,,,,,,,,,,,,,
300177,WARD_PLACED,,,,,,,,,UNDEFINED,1.0,,,,,,,,,,,,,,,,
300177,WARD_PLACED,,,,,,,,,UNDEFINED,1.0,,,,,,,,,,,,,,,,
300177,WARD_PLACED,,,,,,,,,UNDEFINED,1.0,,,,,,,,,,,,,,,,
300177,WARD_PLACED,,,,,,,,,UNDEFINED,1.0,,,,,,,,,,,,,,,,
300177,WARD_PLACED,,,,,,,,,UNDEFINED,1.0,,,,,,,,,,,,,,,,
300177,WARD_PLACED,,,,,,,,,UNDEFINED,1.0,,,,,,,,,,,,,,,,
300177,WARD_PLACED,,,,,,,,,UNDEFINED,1.0,,,,,,,,,,,,,,,,
300177,WARD_PLACED,,,,,,,,,UNDEFINED,1.0,,,,,,,,,,,,,,,,
300177,WARD_PLACED,,,,,,,,,UNDEFINED,1.0,,,,,,,,,,,,,,,,
300177,WARD_PLACED,,,,,,,,,UNDEFINED,1.0,,,,,,,,,,,,,,,,
300177,WARD_PLACED,,,,,,,,,UNDEFINED,1.0,,,,,,,,,,,,,,,,
300177,WARD_PLACED,,,,,,,,,UNDEFINED,1.0,,,,,,,,,,,,,,,,
300177,WARD_PLACED,,,,,,,,,UNDEFINED,1.0,,,,,,,,,,,,,,,,
300177,WARD_PLACED,,,,,,,,,UNDEFINED,1.0,,,,,,,,,,,,,,,,
300177,WARD_PLACED,,,,,,,,,UNDEFINED,1.0,,,,,,,,,,,,,,,,
300177,WARD_PLACED,,,,,,,,,UNDEFINED,1.0,,,,,,,,,,,,,,,,
300177,WARD_PLACED,,,,,,,,,YELLOW_TRINKET,6.0,,,,,,,,,,,,,,,,
300177,WARD_PLACED,,,,,,,,,YELLOW_TRINKET,10.0,,,,,,,,,,,,,,,,
300177,ITEM_DESTROYED,6.0,,,,2010.0,,,,,,,,,,,,,,,,,,,,,
300177,LEVEL_UP,3.0,,,,,,5.0,,,,,,,,,,,,,,,,,,,
300177,SKILL_LEVEL_UP,3.0,,,,,1.0,,NORMAL,,,,,,,,,,,,,,,,,,
300177,ITEM_PURCHASED,7.0,,,,3077.0,,,,,,,,,,,,,,,,,,,,,
300177,LEVEL_UP,1.0,,,,,,5.0,,,,,,,,,,,,,,,,,,,
300177,ITEM_PURCHASED,7.0,,,,1001.0,,,,,,,,,,,,,,,,,,,,,
300177,ITEM_PURCHASED,7.0,,,,2055.0,,,,,,,,,,,,,,,,,,,,,
300177,ITEM_DESTROYED,7.0,,,,3340.0,,,,,,,,,,,,,,,,,,,,,
300177,ITEM_PURCHASED,7.0,,,,3364.0,,,,,,,,,,,,,,,,,,,,,
300177,SKILL_LEVEL_UP,1.0,,,,,1.0,,NORMAL,,,,,,,,,,,,,,,,,,
300177,WARD_PLACED,,,,,,,,,UNDEFINED,1.0,,,,,,,,,,,,,,,,
300177,WARD_PLACED,,,,,,,,,UNDEFINED,1.0,,,,,,,,,,,,,,,,
300177,WARD_PLACED,,,,,,,,,UNDEFINED,1.0,,,,,,,,,,,,,,,,
300177,WARD_PLACED,,,,,,,,,UNDEFINED,1.0,,,,,,,,,,,,,,,,
300177,WARD_PLACED,,,,,,,,,UNDEFINED,1.0,,,,,,,,,,,,,,,,
300177,WARD_PLACED,,,,,,,,,UNDEFINED,1.0,,,,,,,,,,,,,,,,
300177,WARD_PLACED,,,,,,,,,UNDEFINED,1.0,,,,,,,,,,,,,,,,
300177,WARD_PLACED,,,,,,,,,UNDEFINED,1.0,,,,,,,,,,,,,,,,
300177,WARD_PLACED,,,,,,,,,UNDEFINED,1.0,,,,,,,,,,,,,,,,
300177,WARD_PLACED,,,,,,,,,UNDEFINED,1.0,,,,,,,,,,,,,,,,
300177,WARD_PLACED,,,,,,,,,UNDEFINED,1.0,,,,,,,,,,,,,,,,
300177,WARD_PLACED,,,,,,,,,UNDEFINED,1.0,,,,,,,,,,,,,,,,
300177,WARD_PLACED,,,,,,,,,UNDEFINED,1.0,,,,,,,,,,,,,,,,
300177,WARD_PLACED,,,,,,,,,UNDEFINED,1.0,,,,,,,,,,,,,,,,
300177,WARD_PLACED,,,,,,,,,UNDEFINED,1.0,,,,,,,,,,,,,,,,
300177,WARD_PLACED,,,,,,,,,UNDEFINED,1.0,,,,,,,,,,,,,,,,
300177,WARD_PLACED,,,,,,,,,UNDEFINED,1.0,,,,,,,,,,,,,,,,
300177,WARD_PLACED,,,,,,,,,UNDEFINED,1.0,,,,,,,,,,,,,,,,
300177,LEVEL_UP,10.0,,,,,,4.0,,,,,,,,,,,,,,,,,,,
300177,LEVEL_UP,9.0,,,,,,4.0,,,,,,,,,,,,,,,,,,,
300177,SKILL_LEVEL_UP,10.0,,,,,2.0,,NORMAL,,,,,,,,,,,,,,,,,,
300177,SKILL_LEVEL_UP,9.0,,,,,1.0,,NORMAL,,,,,,,,,,,,,,,,,,
300177,ITEM_DESTROYED,4.0,,,,2003.0,,,,,,,,,,,,,,,,,,,,,
360198,LEVEL_UP,5.0,,,,,,4.0,,,,,,,,,,,,,,,,,,,
360198,SKILL_LEVEL_UP,5.0,,,,,1.0,,NORMAL,,,,,,,,,,,,,,,,,,
360198,LEVEL_UP,2.0,,,,,,5.0,,,,,,,,,,,,,,,,,,,
360198,LEVEL_UP,4.0,,,,,,4.0,,,,,,,,,,,,,,,,,,,
360198,SKILL_LEVEL_UP,2.0,,,,,2.0,,NORMAL,,,,,,,,,,,,,,,,,,
360198,LEVEL_UP,8.0,,,,,,5.0,,,,,,,,,,,,,,,,,,,
360198,SKILL_LEVEL_UP,4.0,,,,,1.0,,NORMAL,,,,,,,,,,,,,,,,,,
360198,SKILL_LEVEL_UP,8.0,,,,,1.0,,NORMAL,,,,,,,,,,,,,,,,,,
360198,WARD_PLACED,,,,,,,,,YELLOW_TRINKET,1.0,,,,,,,,,,,,,,,,
360198,ITEM_PURCHASED,6.0,,,,3057.0,,,,,,,,,,,,,,,,,,,,,
360198,ITEM_PURCHASED,6.0,,,,2003.0,,,,,,,,,,,,,,,,,,,,,
360198,LEVEL_UP,7.0,,,,,,5.0,,,,,,,,,,,,,,,,,,,
360198,SKILL_LEVEL_UP,7.0,,,,,1.0,,NORMAL,,,,,,,,,,,,,,,,,,
360198,WARD_PLACED,,,,,,,,,YELLOW_TRINKET,6.0,,,,,,,,,,,,,,,,
360198,CHAMPION_KILL,,7.0,3.0,,,,,,,,,,,,271.0,,,,"{""x"": 5198, ""y"": 5339}",,0.0,1.0,,,,
360198,FEAT_UPDATE,,,,,,,,,,,200.0,,,,,,,,,,,,,,,
360198,FEAT_UPDATE,,,,,,,,,,,100.0,,,,,,,,,,,,,,,
360198,ITEM_DESTROYED,7.0,,,,2055.0,,,,,,,,,,,,,,,,,,,,,
360198,WARD_PLACED,,,,,,,,,CONTROL_WARD,7.0,,,,,,,,,,,,,,,,
360198,LEVEL_UP,1.0,,,,,,6.0,,,,,,,,,,,,,,,,,,,
360198,SKILL_LEVEL_UP,1.0,,,,,4.0,,NORMAL,,,,,,,,,,,,,,,,,,
360198,CHAMPION_KILL,,2.0,8.0,,,,,,,,,,,,300.0,,,,"{""x"": 6220, ""y"": 7831}",,0.0,0.0,,,,
360198,WARD_PLACED,,,,,,,,,UNDEFINED,1.0,,,,,,,,,,,,,,,,
360198,WARD_PLACED,,,,,,,,,UNDEFINED,1.0,,,,,,,,,,,,,,,,
360198,WARD_PLACED,,,,,,,,,UNDEFINED,1.0,,,,,,,,,,,,,,,,
360198,WARD_PLACED,,,,,,,,,UNDEFINED,1.0,,,,,,,,,,,,,,,,
360198,WARD_PLACED,,,,,,,,,UNDEFINED,1.0,,,,,,,,,,,,,,,,
360198,WARD_PLACED,,,,,,,,,UNDEFINED,1.0,,,,,,,,,,,,,,,,
360198,WARD_PLACED,,,,,,,,,UNDEFINED,1.0,,,,,,,,,,,,,,,,
360198,WARD_PLACED,,,,,,,,,UNDEFINED,1.0,,,,,,,,,,,,,,,,
360198,WARD_PLACED,,,,,,,,,UNDEFINED,1.0,,,,,,,,,,,,,,,,
360198,WARD_PLACED,,,,,,,,,UNDEFINED,1.0,,,,,,,,,,,,,,,,
360198,WARD_PLACED,,,,,,,,,UNDEFINED,1.0,,,,,,,,,,,,,,,,
360198,WARD_PLACED,,,,,,,,,UNDEFINED,1.0,,,,,,,,,,,,,,,,
360198,WARD_PLACED,,,,,,,,,UNDEFINED,1.0,,,,,,,,,,,,,,,,
360198,WARD_PLACED,,,,,,,,,UNDEFINED,1.0,,,,,,,,,,,,,,,,
360198,WARD_PLACED,,,,,,,,,UNDEFINED,1.0,,,,,,,,,,,,,,,,
360198,WARD_PLACED,,,,,,,,,UNDEFINED,1.0,,,,,,,,,,,,,,,,
360198,WARD_PLACED,,,,,,,,,UNDEFINED,1.0,,,,,,,,,,,,,,,,
360198,WARD_PLACED,,,,,,,,,UNDEFINED,1.0,,,,,,,,,,,,,,,,
360198,ITEM_DESTROYED,4.0,,,,2010.0,,,,,,,,,,,,,,,,,,,,,
360198,ITEM_DESTROYED,3.0,,,,1052.0,,,,,,,,,,,,,,,,,,,,,
360198,ITEM_PURCHASED,3.0,,,,3802.0,,,,,,,,,,,,,,,,,,,,,
360198,ITEM_DESTROYED,5.0,,,,2003.0,,,,,,,,,,,,,,,,,,,,,
360198,LEVEL_UP,2.0,,,,,,6.0,,,,,,,,,,,,,,,,,,,
360198,SKILL_LEVEL_UP,2.0,,,,,4.0,,NORMAL,,,,,,,,,,,,,,,,,,
360198,ITEM_PURCHASED,8.0,,,,1052.0,,,,,,,,,,,,,,,,,,,,,
420209,ITEM_DESTROYED,6.0,,,,2010.0,,,,,,,,,,,,,,,,,,,,,
420209,CHAMPION_KILL,,6.0,1.0,[7],,,,,,,,,,,300.0,,,,"{""x"": 2501, ""y"": 13337}",,0.0,0.0,,,,
420209,LEVEL_UP,6.0,,,,,,6.0,,,,,,,,,,,,,,,,,,,
420209,SKILL_LEVEL_UP,6.0,,,,,4.0,,NORMAL,,,,,,,,,,,,,,,,,,
420209,ITEM_PURCHASED,4.0,,,,1036.0,,,,,,,,,,,,,,,,,,,,,
420209,ITEM_PURCHASED,4.0,,,,1042.0,,,,,,,,,,,,,,,,,,,,,
420209,ITEM_DESTROYED,5.0,,,,1028.0,,,,,,,,,,,,,,,,,,,,,
420209,ITEM_PURCHASED,5.0,,,,3067.0,,,,,,,,,,,,,,,,,,,,,
420209,ITEM_DESTROYED,1.0,,,,1028.0,,,,,,,,,,,,,,,,,,,,,
420209,ITEM_DESTROYED,1.0,,,,1036.0,,,,,,,,,,,,,,,,,,,,,
420209,ITEM_PURCHASED,1.0,,,,3044.0,,,,,,,,,,,,,,,,,,,,,
420209,ITEM_PURCHASED,1.0,,,,1036.0,,,,,,,,,,,,,,,,,,,,,
420209,LEVEL_UP,10.0,,,,,,5.0,,,,,,,,,,,,,,,,,,,
420209,LEVEL_UP,9.0,,,,,,5.0,,,,,,,,,,,,,,,,,,,
420209,ITEM_PURCHASED,2.0,,,,1053.0,,,,,,,,,,,,,,,,,,,,,
420209,SKILL_LEVEL_UP,9.0,,,,,1.0,,NORMAL,,,,,,,,,,,,,,,,,,
420209,ITEM_PURCHASED,2.0,,,,1042.0,,,,,,,,,,,,,,,,,,,,,
420209,SKILL_LEVEL_UP,10.0,,,,,2.0,,NORMAL,,,,,,,,,,,,,,,,,,
420209,ITEM_PURCHASED,10.0,,,,1033.0,,,,,,,,,,,,,,,,,,,,,
420209,ITEM_PURCHASED,10.0,,,,2055.0,,,,,,,,,,,,,,,,,,,,,
420209,ITEM_DESTROYED,9.0,,,,1036.0,,,,,,,,,,,,,,,,,,,,,
420209,ITEM_DESTROYED,9.0,,,,1036.0,,,,,,,,,,,,,,,,,,,,,
420209,ITEM_PURCHASED,9.0,,,,3134.0,,,,,,,,,,,,,,,,,,,,,
420209,ITEM_PURCHASED,9.0,,,,1001.0,,,,,,,,,,,,,,,,,,,,,
420209,LEVEL_UP,8.0,,,,,,6.0,,,,,,,,,,,,,,,,,,,
420209,ITEM_PURCHASED,9.0,,,,2003.0,,,,,,,,,,,,,,,,,,,,,
420209,SKILL_LEVEL_UP,8.0,,,,,4.0,,NORMAL,,,,,,,,,,,,,,,,,,
420209,TURRET_PLATE_DESTROYED,,6.0,,,,,,,,,100.0,TOP_LANE,,,,,,,"{""x"": 981, ""y"": 10441}",,,,,,,
420209,LEVEL_UP,7.0,,,,,,6.0,,,,,,,,,,,,,,,,,,,
420209,SKILL_LEVEL_UP,7.0,,,,,4.0,,NORMAL,,,,,,,,,,,,,,,,,,
420209,SKILL_LEVEL_UP,7.0,,,,,1.0,,EVOLVE,,,,,,,,,,,,,,,,,,
420209,LEVEL_UP,3.0,,,,,,6.0,,,,,,,,,,,,,,,,,,,
420209,SKILL_LEVEL_UP,3.0,,,,,4.0,,NORMAL,,,,,,,,,,,,,,,,,,
420209,ITEM_DESTROYED,10.0,,,,2055.0,,,,,,,,,,,,,,,,,,,,,
420209,WARD_PLACED,,,,,,,,,CONTROL_WARD,10.0,,,,,,,,,,,,,,,,
420209,ITEM_PURCHASED,6.0,,,,1001.0,,,,,,,,,,,,,,,,,,,,,
420209,ITEM_PURCHASED,6.0,,,,1028.0,,,,,,,,,,,,,,,,,,,,,
480239,LEVEL_UP,5.0,,,,,,5.0,,,,,,,,,,,,,,,,,,,
480239,ITEM_PURCHASED,6.0,,,,1042.0,,,,,,,,,,,,,,,,,,,,,
480239,LEVEL_UP,4.0,,,,,,5.0,,,,,,,,,,,,,,,,,,,
480239,SKILL_LEVEL_UP,4.0,,,,,1.0,,NORMAL,,,,,,,,,,,,,,,,,,
480239,SKILL_LEVEL_UP,5.0,,,,,2.0,,NORMAL,,,,,,,,,,,,,,,,,,
480239,LEVEL_UP,1.0,,,,,,7.0,,,,,,,,,,,,,,,,,,,
480239,CHAMPION_KILL,,7.0,3.0,,,,,,,,,,,,241.0,,,,"{""x"": 6540, ""y"": 7753}",,0.0,2.0,,,,
480239,SKILL_LEVEL_UP,1.0,,,,,1.0,,NORMAL,,,,,,,,,,,,,,,,,,
480239,ITEM_DESTROYED,4.0,,,,2010.0,,,,,,,,,,,,,,,,,,,,,
480239,TURRET_PLATE_DESTROYED,,1.0,,,,,,,,,200.0,TOP_LANE,,,,,,,"{""x"": 4318, ""y"": 13875}",,,,,,,
480239,CHAMPION_KILL,,2.0,8.0,[3],,,,,,,,,,,276.0,,,,"{""x"": 6909, ""y"": 7480}",,0.0,1.0,,,,
480239,CHAMPION_KILL,,9.0,4.0,[10],,,,,,,,,,,300.0,,,,"{""x"": 10160, ""y"": 1530}",,0.0,0.0,,,,
480239,WARD_PLACED,,,,,,,,,UNDEFINED,1.0,,,,,,,,,,,,,,,,
480239,WARD_PLACED,,,,,,,,,UNDEFINED,1.0,,,,,,,,,,,,,,,,
480239,WARD_PLACED,,,,,,,,,UNDEFINED,1.0,,,,,,,,,,,,,,,,
480239,WARD_PLACED,,,,,,,,,UNDEFINED,1.0,,,,,,,,,,,,,,,,
480239,WARD_PLACED,,,,,,,,,UNDEFINED,1.0,,,,,,,,,,,,,,,,
480239,WARD_PLACED,,,,,,,,,UNDEFINED,1.0,,,,,,,,,,,,,,,,
480239,WARD_PLACED,,,,,,,,,UNDEFINED,1.0,,,,,,,,,,,,,,,,
480239,WARD_PLACED,,,,,,,,,UNDEFINED,1.0,,,,,,,,,,,,,,,,
480239,WARD_PLACED,,,,,,,,,UNDEFINED,1.0,,,,,,,,,,,,,,,,
480239,WARD_PLACED,,,,,,,,,UNDEFINED,1.0,,,,,,,,,,,,,,,,
480239,WARD_PLACED,,,,,,,,,UNDEFINED,1.0,,,,,,,,,,,,,,,,
480239,WARD_PLACED,,,,,,,,,UNDEFINED,1.0,,,,,,,,,,,,,,,,
480239,WARD_PLACED,,,,,,,,,UNDEFINED,1.0,,,,,,,,,,,,,,,,
480239,WARD_PLACED,,,,,,,,,UNDEFINED,1.0,,,,,,,,,,,,,,,,
480239,WARD_PLACED,,,,,,,,,UNDEFINED,1.0,,,,,,,,,,,,,,,,
480239,WARD_PLACED,,,,,,,,,UNDEFINED,1.0,,,,,,,,,,,,,,,,
480239,WARD_PLACED,,,,,,,,,UNDEFINED,1.0,,,,,,,,,,,,,,,,
480239,WARD_PLACED,,,,,,,,,UNDEFINED,1.0,,,,,,,,,,,,,,,,
480239,CHAMPION_KILL,,7.0,2.0,[8],,,,,,,,,,,300.0,,,,"{""x"": 6638, ""y"": 6414}",,0.0,3.0,,,,
480239,CHAMPION_SPECIAL_KILL,,7.0,,,,,,,,,,,,,,2.0,,,"{""x"": 6740, ""y"": 6771}",,,,,,,
480239,ITEM_DESTROYED,2.0,,,,1042.0,,,,,,,,,,,,,,,,,,,,,
480239,ITEM_PURCHASED,2.0,,,,1043.0,,,,,,,,,,,,,,,,,,,,,
480239,ITEM_DESTROYED,8.0,,,,1052.0,,,,,,,,,,,,,,,,,,,,,
480239,ITEM_PURCHASED,8.0,,,,3145.0,,,,,,,,,,,,,,,,,,,,,
480239,ITEM_PURCHASED,3.0,,,,1052.0,,,,,,,,,,,,,,,,,,,,,
480239,WARD_PLACED,,,,,,,,,YELLOW_TRINKET,1.0,,,,,,,,,,,,,,,,
480239,ITEM_DESTROYED,1.0,,,,2003.0,,,,,,,,,,,,,,,,,,,,,
480239,ITEM_PURCHASED,3.0,,,,2031.0,,,,,,,,,,,,,,,,,,,,,
480239,WARD_PLACED,,,,,,,,,YELLOW_TRINKET,6.0,,,,,,,,,,,,,,,,
480239,LEVEL_UP,10.0,,,,,,6.0,,,,,,,,,,,,,,,,,,,
480239,CHAMPION_KILL,,7.0,1.0,[6],,,,,,,,,,,272.0,,,,"{""x"": 6013, ""y"": 11385}",,0.0,4.0,,,,
480239,LEVEL_UP,6.0,,,,,,7.0,,,,,,,,,,,,,,,,,,,
480239,SKILL_LEVEL_UP,10.0,,,,,4.0,,NORMAL,,,,,,,,,,,,,,,,,,
480239,LEVEL_UP,9.0,,,,,,6.0,,,,,,,,,,,,,,,,,,,
480239,SKILL_LEVEL_UP,9.0,,,,,4.0,,NORMAL,,,,,,,,,,,,,,,,,,
480239,ITEM_DESTROYED,6.0,,,,2003.0,,,,,,,,,,,,,,,,,,,,,
480239,SKILL_LEVEL_UP,6.0,,,,,2.0,,NORMAL,,,,,,,,,,,,,,,,,,
480239,ITEM_PURCHASED,1.0,,,,1001.0,,,,,,,,,,,,,,,,,,,,,
480239,ITEM_DESTROYED,10.0,,,,3865.0,,,,,,,,,,,,,,,,,,,,,
480239,ITEM_PURCHASED,1.0,,,,1042.0,,,,,,,,,,,,,,,,,,,,,
540260,LEVEL_UP,8.0,,,,,,7.0,,,,,,,,,,,,,,,,,,,
540260,SKILL_LEVEL_UP,8.0,,,,,1.0,,NORMAL,,,,,,,,,,,,,,,,,,
540260,ITEM_DESTROYED,5.0,,,,3865.0,,,,,,,,,,,,,,,,,,,,,
540260,ITEM_DESTROYED,9.0,,,,2003.0,,,,,,,,,,,,,,,,,,,,,
540260,LEVEL_UP,3.0,,,,,,7.0,,,,,,,,,,,,,,,,,,,
540260,SKILL_LEVEL_UP,3.0,,,,,1.0,,NORMAL,,,,,,,,,,,,,,,,,,
540260,ITEM_DESTROYED,5.0,,,,2010.0,,,,,,,,,,,,,,,,,,,,,
540260,WARD_PLACED,,,,,,,,,YELLOW_TRINKET,8.0,,,,,,,,,,,,,,,,
540260,WARD_PLACED,,,,,,,,,YELLOW_TRINKET,8.0,,,,,,,,,,,,,,,,
540260,WARD_PLACED,,,,,,,,,YELLOW_TRINKET,3.0,,,,,,,,,,,,,,,,
540260,ITEM_PURCHASED,6.0,,,,1036.0,,,,,,,,,,,,,,,,,,,,,
540260,WARD_PLACED,,,,,,,,,YELLOW_TRINKET,3.0,,,,,,,,,,,,,,,,
540260,LEVEL_UP,2.0,,,,,,7.0,,,,,,,,,,,,,,,,,,,
540260,SKILL_LEVEL_UP,2.0,,,,,2.0,,NORMAL,,,,,,,,,,,,,,,,,,
540260,LEVEL_UP,7.0,,,,,,7.0,,,,,,,,,,,,,,,,,,,
540260,ITEM_DESTROYED,5.0,,,,2010.0,,,,,,,,,,,,,,,,,,,,,
540260,SKILL_LEVEL_UP,7.0,,,,,1.0,,NORMAL,,,,,,,,,,,,,,,,,,
540260,WARD_PLACED,,,,,,,,,YELLOW_TRINKET,5.0,,,,,,,,,,,,,,,,
540260,LEVEL_UP,5.0,,,,,,6.0,,,,,,,,,,,,,,,,,,,
540260,SKILL_LEVEL_UP,5.0,,,,,4.0,,NORMAL,,,,,,,,,,,,,,,,,,
540260,ELITE_MONSTER_KILL,,7.0,,,,,,,,,,,,,0.0,,HORDE,,"{""x"": 5210, ""y"": 10424}",,,,,,,
600281,ITEM_DESTROYED,2.0,,,,1053.0,,,,,,,,,,,,,,,,,,,,,
600281,ITEM_DESTROYED,2.0,,,,1043.0,,,,,,,,,,,,,,,,,,,,,
600281,ITEM_DESTROYED,2.0,,,,1037.0,,,,,,,,,,,,,,,,,,,,,
600281,ITEM_PURCHASED,2.0,,,,3153.0,,,,,,,,,,,,,,,,,,,,,
600281,LEVEL_UP,4.0,,,,,,6.0,,,,,,,,,,,,,,,,,,,
600281,ELITE_MONSTER_KILL,,7.0,,,,,,,,,,,,,0.0,,HORDE,,"{""x"": 4841, ""y"": 10638}",,,,,,,
600281,SKILL_LEVEL_UP,4.0,,,,,4.0,,NORMAL,,,,,,,,,,,,,,,,,,
600281,ELITE_MONSTER_KILL,,7.0,,,,,,,,,,,,,0.0,,HORDE,,"{""x"": 4790, ""y"": 10182}",,,,,,,
600281,FEAT_UPDATE,,,,,,,,,,,200.0,,,,,,,,,,,,,,,
600281,LEVEL_UP,6.0,,,,,,8.0,,,,,,,,,,,,,,,,,,,
600281,LEVEL_UP,8.0,,,,,,8.0,,,,,,,,,,,,,,,,,,,
600281,SKILL_LEVEL_UP,8.0,,,,,3.0,,NORMAL,,,,,,,,,,,,,,,,,,
600281,SKILL_LEVEL_UP,6.0,,,,,3.0,,NORMAL,,,,,,,,,,,,,,,,,,
600281,WARD_PLACED,,,,,,,,,YELLOW_TRINKET,5.0,,,,,,,,,,,,,,,,
600281,LEVEL_UP,1.0,,,,,,8.0,,,,,,,,,,,,,,,,,,,
600281,SKILL_LEVEL_UP,1.0,,,,,3.0,,NORMAL,,,,,,,,,,,,,,,,,,
600281,WARD_PLACED,,,,,,,,,YELLOW_TRINKET,10.0,,,,,,,,,,,,,,,,
600281,LEVEL_UP,3.0,,,,,,8.0,,,,,,,,,,,,,,,,,,,
600281,WARD_PLACED,,,,,,,,,SIGHT_WARD,10.0,,,,,,,,,,,,,,,,
600281,WARD_PLACED,,,,,,,,,YELLOW_TRINKET,10.0,,,,,,,,,,,,,,,,
600281,CHAMPION_KILL,,3.0,8.0,[2],,,,,,,,,,,280.0,,,,"{""x"": 6949, ""y"": 6686}",,0.0,0.0,,,,
600281,SKILL_LEVEL_UP,3.0,,,,,2.0,,NORMAL,,,,,,,,,,,,,,,,,,
600281,ITEM_PURCHASED,8.0,,,,1052.0,,,,,,,,,,,,,,,,,,,,,
600281,WARD_PLACED,,,,,,,,,UNDEFINED,1.0,,,,,,,,,,,,,,,,
600281,WARD_PLACED,,,,,,,,,UNDEFINED,1.0,,,,,,,,,,,,,,,,
600281,WARD_PLACED,,,,,,,,,UNDEFINED,1.0,,,,,,,,,,,,,,,,
600281,WARD_PLACED,,,,,,,,,UNDEFINED,1.0,,,,,,,,,,,,,,,,
600281,WARD_PLACED,,,,,,,,,UNDEFINED,1.0,,,,,,,,,,,,,,,,
600281,WARD_PLACED,,,,,,,,,UNDEFINED,1.0,,,,,,,,,,,,,,,,
600281,WARD_PLACED,,,,,,,,,UNDEFINED,1.0,,,,,,,,,,,,,,,,
600281,WARD_PLACED,,,,,,,,,UNDEFINED,1.0,,,,,,,,,,,,,,,,
600281,WARD_PLACED,,,,,,,,,UNDEFINED,1.0,,,,,,,,,,,,,,,,
600281,WARD_PLACED,,,,,,,,,UNDEFINED,1.0,,,,,,,,,,,,,,,,
600281,WARD_PLACED,,,,,,,,,UNDEFINED,1.0,,,,,,,,,,,,,,,,
600281,WARD_PLACED,,,,,,,,,UNDEFINED,1.0,,,,,,,,,,,,,,,,
600281,WARD_PLACED,,,,,,,,,UNDEFINED,1.0,,,,,,,,,,,,,,,,
600281,WARD_PLACED,,,,,,,,,UNDEFINED,1.0,,,,,,,,,,,,,,,,
600281,WARD_PLACED,,,,,,,,,UNDEFINED,1.0,,,,,,,,,,,,,,,,
600281,WARD_PLACED,,,,,,,,,UNDEFINED,1.0,,,,,,,,,,,,,,,,
600281,WARD_PLACED,,,,,,,,,UNDEFINED,1.0,,,,,,,,,,,,,,,,
600281,WARD_PLACED,,,,,,,,,UNDEFINED,1.0,,,,,,,,,,,,,,,,
600281,LEVEL_UP,2.0,,,,,,8.0,,,,,,,,,,,,,,,,,,,
600281,SKILL_LEVEL_UP,2.0,,,,,1.0,,NORMAL,,,,,,,,,,,,,,,,,,
600281,LEVEL_UP,7.0,,,,,,8.0,,,,,,,,,,,,,,,,,,,
600281,LEVEL_UP,10.0,,,,,,7.0,,,,,,,,,,,,,,,,,,,
660310,LEVEL_UP,9.0,,,,,,7.0,,,,,,,,,,,,,,,,,,,
660310,ITEM_SOLD,8.0,,,,2031.0,,,,,,,,,,,,,,,,,,,,,
660310,SKILL_LEVEL_UP,9.0,,,,,1.0,,NORMAL,,,,,,,,,,,,,,,,,,
660310,ITEM_PURCHASED,5.0,,,,1052.0,,,,,,,,,,,,,,,,,,,,,
660310,ITEM_DESTROYED,8.0,,,,1052.0,,,,,,,,,,,,,,,,,,,,,
660310,ITEM_PURCHASED,8.0,,,,3108.0,,,,,,,,,,,,,,,,,,,,,
660310,ITEM_PURCHASED,5.0,,,,2022.0,,,,,,,,,,,,,,,,,,,,,
660310,ITEM_DESTROYED,5.0,,,,3340.0,,,,,,,,,,,,,,,,,,,,,
660310,ITEM_PURCHASED,5.0,,,,3364.0,,,,,,,,,,,,,,,,,,,,,
660310,ITEM_PURCHASED,5.0,,,,2055.0,,,,,,,,,,,,,,,,,,,,,
660310,SKILL_LEVEL_UP,10.0,,,,,2.0,,NORMAL,,,,,,,,,,,,,,,,,,
660310,SKILL_LEVEL_UP,7.0,,,,,2.0,,NORMAL,,,,,,,,,,,,,,,,,,
660310,ITEM_DESTROYED,3.0,,,,1052.0,,,,,,,,,,,,,,,,,,,,,
660310,ITEM_PURCHASED,3.0,,,,3145.0,,,,,,,,,,,,,,,,,,,,,
660310,ITEM_DESTROYED,6.0,,,,1028.0,,,,,,,,,,,,,,,,,,,,,
660310,ITEM_DESTROYED,6.0,,,,1036.0,,,,,,,,,,,,,,,,,,,,,
660310,ITEM_PURCHASED,6.0,,,,3044.0,,,,,,,,,,,,,,,,,,,,,
660310,ITEM_PURCHASED,6.0,,,,2055.0,,,,,,,,,,,,,,,,,,,,,
660310,TURRET_PLATE_DESTROYED,,1.0,,,,,,,,,200.0,TOP_LANE,,,,,,,"{""x"": 4318, ""y"": 13875}",,,,,,,
660310,CHAMPION_KILL,,2.0,9.0,[4],,,,,,,,,,,310.0,,,,"{""x"": 12964, ""y"": 1954}",,66.0,0.0,,,,
660310,WARD_PLACED,,,,,,,,,UNDEFINED,1.0,,,,,,,,,,,,,,,,
660310,WARD_PLACED,,,,,,,,,UNDEFINED,1.0,,,,,,,,,,,,,,,,
660310,WARD_PLACED,,,,,,,,,UNDEFINED,1.0,,,,,,,,,,,,,,,,
660310,WARD_PLACED,,,,,,,,,UNDEFINED,1.0,,,,,,,,,,,,,,,,
660310,WARD_PLACED,,,,,,,,,UNDEFINED,1.0,,,,,,,,,,,,,,,,
660310,WARD_PLACED,,,,,,,,,UNDEFINED,1.0,,,,,,,,,,,,,,,,
660310,WARD_PLACED,,,,,,,,,UNDEFINED,1.0,,,,,,,,,,,,,,,,
660310,WARD_PLACED,,,,,,,,,UNDEFINED,1.0,,,,,,,,,,,,,,,,
660310,WARD_PLACED,,,,,,,,,UNDEFINED,1.0,,,,,,,,,,,,,,,,
660310,WARD_PLACED,,,,,,,,,UNDEFINED,1.0,,,,,,,,,,,,,,,,
660310,WARD_PLACED,,,,,,,,,UNDEFINED,1.0,,,,,,,,,,,,,,,,
660310,WARD_PLACED,,,,,,,,,UNDEFINED,1.0,,,,,,,,,,,,,,,,
660310,WARD_PLACED,,,,,,,,,UNDEFINED,1.0,,,,,,,,,,,,,,,,
660310,WARD_PLACED,,,,,,,,,UNDEFINED,1.0,,,,,,,,,,,,,,,,
660310,WARD_PLACED,,,,,,,,,UNDEFINED,1.0,,,,,,,,,,,,,,,,
660310,WARD_PLACED,,,,,,,,,UNDEFINED,1.0,,,,,,,,,,,,,,,,
660310,WARD_PLACED,,,,,,,,,UNDEFINED,1.0,,,,,,,,,,,,,,,,
660310,WARD_PLACED,,,,,,,,,UNDEFINED,1.0,,,,,,,,,,,,,,,,
660310,ITEM_PURCHASED,9.0,,,,1037.0,,,,,,,,,,,,,,,,,,,,,
660310,ITEM_PURCHASED,9.0,,,,1018.0,,,,,,,,,,,,,,,,,,,,,
660310,ITEM_DESTROYED,3.0,,,,3802.0,,,,,,,,,,,,,,,,,,,,,
660310,ITEM_DESTROYED,3.0,,,,3145.0,,,,,,,,,,,,,,,,,,,,,
660310,ITEM_PURCHASED,3.0,,,,6655.0,,,,,,,,,,,,,,,,,,,,,
660310,WARD_PLACED,,,,,,,,,YELLOW_TRINKET,4.0,,,,,,,,,,,,,,,,
660310,ITEM_PURCHASED,9.0,,,,1029.0,,,,,,,,,,,,,,,,,,,,,
660310,CHAMPION_KILL,,4.0,10.0,[2],,,,,,,,,,,310.0,,,,"{""x"": 13309, ""y"": 2378}",,0.0,0.0,,,,
660310,WARD_PLACED,,,,,,,,,YELLOW_TRINKET,1.0,,,,,,,,,,,,,,,,
660310,ITEM_DESTROYED,10.0,,,,1028.0,,,,,,,,,,,,,,,,,,,,,
660310,ITEM_PURCHASED,10.0,,,,3067.0,,,,,,,,,,,,,,,,,,,,,
660310,ITEM_PURCHASED,10.0,,,,1029.0,,,,,,,,,,,,,,,,,,,,,
660310,ITEM_DESTROYED,7.0,,,,3077.0,,,,,,,,,,,,,,,,,,,,,
660310,ITEM_PURCHASED,7.0,,,,6698.0,,,,,,,,,,,,,,,,,,,,,
660310,ITEM_SOLD,10.0,,,,2003.0,,,,,,,,,,,,,,,,,,,,,
660310,ITEM_DESTROYED,7.0,,,,1001.0,,,,,,,,,,,,,,,,,,,,,
660310,ITEM_PURCHASED,7.0,,,,3158.0,,,,,,,,,,,,,,,,,,,,,
660310,LEVEL_UP,4.0,,,,,,7.0,,,,,,,,,,,,,,,,,,,
660310,ITEM_PURCHASED,7.0,,,,1037.0,,,,,,,,,,,,,,,,,,,,,
660310,ITEM_PURCHASED,10.0,,,,1001.0,,,,,,,,,,,,,,,,,,,,,
660310,WARD_PLACED,,,,,,,,,YELLOW_TRINKET,6.0,,,,,,,,,,,,,,,,
660310,SKILL_LEVEL_UP,4.0,,,,,1.0,,NORMAL,,,,,,,,,,,,,,,,,,
660310,WARD_KILL,,2.0,,,,,,,SIGHT_WARD,,,,,,,,,,,,,,,,,
660310,ITEM_DESTROYED,10.0,,,,3340.0,,,,,,,,,,,,,,,,,,,,,
660310,ITEM_PURCHASED,10.0,,,,3364.0,,,,,,,,,,,,,,,,,,,,,
660310,ITEM_PURCHASED,1.0,,,,3057.0,,,,,,,,,,,,,,,,,,,,,
660310,LEVEL_UP,5.0,,,,,,7.0,,,,,,,,,,,,,,,,,,,
660310,ITEM_DESTROYED,10.0,,,,2010.0,,,,,,,,,,,,,,,,,,,,,
660310,ITEM_DESTROYED,10.0,,,,2010.0,,,,,,,,,,,,,,,,,,,,,
660310,LEVEL_UP,6.0,,,,,,9.0,,,,,,,,,,,,,,,,,,,
660310,ITEM_DESTROYED,10.0,,,,2010.0,,,,,,,,,,,,,,,,,,,,,
660310,SKILL_LEVEL_UP,5.0,,,,,2.0,,NORMAL,,,,,,,,,,,,,,,,,,
660310,ITEM_PURCHASED,10.0,,,,2055.0,,,,,,,,,,,,,,,,,,,,,
660310,CHAMPION_KILL,,2.0,8.0,,,,,,,,,,,,214.0,,,,"{""x"": 8707, ""y"": 8106}",,0.0,1.0,,,,
660310,LEVEL_UP,3.0,,,,,,9.0,,,,,,,,,,,,,,,,,,,
660310,SKILL_LEVEL_UP,6.0,,,,,2.0,,NORMAL,,,,,,,,,,,,,,,,,,
660310,SKILL_LEVEL_UP,3.0,,,,,1.0,,NORMAL,,,,,,,,,,,,,,,,,,
660310,ITEM_DESTROYED,6.0,,,,2055.0,,,,,,,,,,,,,,,,,,,,,
660310,WARD_PLACED,,,,,,,,,CONTROL_WARD,6.0,,,,,,,,,,,,,,,,
660310,WARD_KILL,,5.0,,,,,,,CONTROL_WARD,,,,,,,,,,,,,,,,,
660310,ITEM_DESTROYED,4.0,,,,1036.0,,,,,,,,,,,,,,,,,,,,,
660310,ITEM_DESTROYED,4.0,,,,1042.0,,,,,,,,,,,,,,,,,,,,,
660310,ITEM_DESTROYED,4.0,,,,1043.0,,,,,,,,,,,,,,,,,,,,,
660310,ITEM_PURCHASED,4.0,,,,6672.0,,,,,,,,,,,,,,,,,,,,,
720330,ITEM_PURCHASED,4.0,,,,1042.0,,,,,,,,,,,,,,,,,,,,,
720330,CHAMPION_KILL,,7.0,2.0,[8],,,,,,,,,,,320.0,,,,"{""x"": 9132, ""y"": 6716}",,0.0,5.0,,,,
720330,CHAMPION_KILL,,3.0,7.0,"[2, 5]",,,,,,,,,,,320.0,,,,"{""x"": 8527, ""y"": 8180}",,0.0,1.0,,,,
720330,LEVEL_UP,2.0,,,,,,9.0,,,,,,,,,,,,,,,,,,,
720330,WARD_PLACED,,,,,,,,,UNDEFINED,1.0,,,,,,,,,,,,,,,,
720330,WARD_PLACED,,,,,,,,,UNDEFINED,1.0,,,,,,,,,,,,,,,,
720330,WARD_PLACED,,,,,,,,,UNDEFINED,1.0,,,,,,,,,,,,,,,,
720330,WARD_PLACED,,,,,,,,,UNDEFINED,1.0,,,,,,,,,,,,,,,,
720330,WARD_PLACED,,,,,,,,,UNDEFINED,1.0,,,,,,,,,,,,,,,,
720330,WARD_PLACED,,,,,,,,,UNDEFINED,1.0,,,,,,,,,,,,,,,,
720330,WARD_PLACED,,,,,,,,,UNDEFINED,1.0,,,,,,,,,,,,,,,,
720330,WARD_PLACED,,,,,,,,,UNDEFINED,1.0,,,,,,,,,,,,,,,,
720330,WARD_PLACED,,,,,,,,,UNDEFINED,1.0,,,,,,,,,,,,,,,,
720330,WARD_PLACED,,,,,,,,,UNDEFINED,1.0,,,,,,,,,,,,,,,,
720330,WARD_PLACED,,,,,,,,,UNDEFINED,1.0,,,,,,,,,,,,,,,,
720330,WARD_PLACED,,,,,,,,,UNDEFINED,1.0,,,,,,,,,,,,,,,,
720330,WARD_PLACED,,,,,,,,,UNDEFINED,1.0,,,,,,,,,,,,,,,,
720330,WARD_PLACED,,,,,,,,,UNDEFINED,1.0,,,,,,,,,,,,,,,,
720330,WARD_PLACED,,,,,,,,,UNDEFINED,1.0,,,,,,,,,,,,,,,,
720330,WARD_PLACED,,,,,,,,,UNDEFINED,1.0,,,,,,,,,,,,,,,,
720330,WARD_PLACED,,,,,,,,,UNDEFINED,1.0,,,,,,,,,,,,,,,,
720330,WARD_PLACED,,,,,,,,,UNDEFINED,1.0,,,,,,,,,,,,,,,,
720330,ITEM_PURCHASED,8.0,,,,1028.0,,,,,,,,,,,,,,,,,,,,,
720330,ITEM_PURCHASED,7.0,,,,1036.0,,,,,,,,,,,,,,,,,,,,,
720330,LEVEL_UP,1.0,,,,,,9.0,,,,,,,,,,,,,,,,,,,
720330,SKILL_LEVEL_UP,2.0,,,,,2.0,,NORMAL,,,,,,,,,,,,,,,,,,
720330,WARD_PLACED,,,,,,,,,SIGHT_WARD,5.0,,,,,,,,,,,,,,,,
720330,ITEM_PURCHASED,2.0,,,,3044.0,,,,,,,,,,,,,,,,,,,,,
720330,ITEM_PURCHASED,2.0,,,,1028.0,,,,,,,,,,,,,,,,,,,,,
720330,ITEM_PURCHASED,2.0,,,,2022.0,,,,,,,,,,,,,,,,,,,,,
720330,SKILL_LEVEL_UP,1.0,,,,,1.0,,NORMAL,,,,,,,,,,,,,,,,,,
720330,TURRET_PLATE_DESTROYED,,3.0,,,,,,,,,200.0,MID_LANE,,,,,,,"{""x"": 8955, ""y"": 8510}",,,,,,,
720330,TURRET_PLATE_DESTROYED,,9.0,,,,,,,,,100.0,BOT_LANE,,,,,,,"{""x"": 10504, ""y"": 1029}",,,,,,,
720330,ITEM_PURCHASED,7.0,,,,2055.0,,,,,,,,,,,,,,,,,,,,,
720330,WARD_KILL,,1.0,,,,,,,CONTROL_WARD,,,,,,,,,,,,,,,,,
720330,LEVEL_UP,8.0,,,,,,9.0,,,,,,,,,,,,,,,,,,,
720330,SKILL_LEVEL_UP,8.0,,,,,1.0,,NORMAL,,,,,,,,,,,,,,,,,,
720330,WARD_PLACED,,,,,,,,,UNDEFINED,1.0,,,,,,,,,,,,,,,,
720330,WARD_PLACED,,,,,,,,,UNDEFINED,1.0,,,,,,,,,,,,,,,,
720330,WARD_PLACED,,,,,,,,,UNDEFINED,1.0,,,,,,,,,,,,,,,,
720330,WARD_PLACED,,,,,,,,,UNDEFINED,1.0,,,,,,,,,,,,,,,,
720330,WARD_PLACED,,,,,,,,,UNDEFINED,1.0,,,,,,,,,,,,,,,,
720330,WARD_PLACED,,,,,,,,,UNDEFINED,1.0,,,,,,,,,,,,,,,,
720330,WARD_PLACED,,,,,,,,,UNDEFINED,1.0,,,,,,,,,,,,,,,,
720330,WARD_PLACED,,,,,,,,,UNDEFINED,1.0,,,,,,,,,,,,,,,,
720330,WARD_PLACED,,,,,,,,,UNDEFINED,1.0,,,,,,,,,,,,,,,,
720330,WARD_PLACED,,,,,,,,,UNDEFINED,1.0,,,,,,,,,,,,,,,,
720330,WARD_PLACED,,,,,,,,,UNDEFINED,1.0,,,,,,,,,,,,,,,,
720330,WARD_PLACED,,,,,,,,,UNDEFINED,1.0,,,,,,,,,,,,,,,,
720330,WARD_PLACED,,,,,,,,,UNDEFINED,1.0,,,,,,,,,,,,,,,,
720330,WARD_PLACED,,,,,,,,,UNDEFINED,1.0,,,,,,,,,,,,,,,,
720330,WARD_PLACED,,,,,,,,,UNDEFINED,1.0,,,,,,,,,,,,,,,,
720330,WARD_PLACED,,,,,,,,,UNDEFINED,1.0,,,,,,,,,,,,,,,,
720330,WARD_PLACED,,,,,,,,,UNDEFINED,1.0,,,,,,,,,,,,,,,,
720330,WARD_PLACED,,,,,,,,,UNDEFINED,1.0,,,,,,,,,,,,,,,,
720330,CHAMPION_KILL,,4.0,10.0,"[3, 5]",,,,,,,,,,,260.0,,,,"{""x"": 12160, ""y"": 2727}",,0.0,1.0,,,,
720330,WARD_PLACED,,,,,,,,,YELLOW_TRINKET,4.0,,,,,,,,,,,,,,,,
720330,WARD_PLACED,,,,,,,,,YELLOW_TRINKET,3.0,,,,,,,,,,,,,,,,
780353,CHAMPION_KILL,,3.0,9.0,"[4, 5]",,,,,,,,,,,305.0,,,,"{""x"": 12602, ""y"": 2190}",,0.0,2.0,,,,
780353,LEVEL_UP,4.0,,,,,,8.0,,,,,,,,,,,,,,,,,,,
780353,SKILL_LEVEL_UP,4.0,,,,,3.0,,NORMAL,,,,,,,,,,,,,,,,,,
780353,ITEM_DESTROYED,9.0,,,,1037.0,,,,,,,,,,,,,,,,,,,,,
780353,ITEM_DESTROYED,9.0,,,,3134.0,,,,,,,,,,,,,,,,,,,,,
780353,ITEM_DESTROYED,9.0,,,,1018.0,,,,,,,,,,,,,,,,,,,,,
780353,ITEM_PURCHASED,9.0,,,,6676.0,,,,,,,,,,,,,,,,,,,,,
780353,ITEM_DESTROYED,7.0,,,,2055.0,,,,,,,,,,,,,,,,,,,,,
780353,WARD_PLACED,,,,,,,,,CONTROL_WARD,7.0,,,,,,,,,,,,,,,,
780353,TURRET_PLATE_DESTROYED,,8.0,,,,,,,,,100.0,MID_LANE,,,,,,,"{""x"": 5846, ""y"": 6396}",,,,,,,
780353,WARD_PLACED,,,,,,,,,SIGHT_WARD,5.0,,,,,,,,,,,,,,,,
780353,CHAMPION_KILL,,7.0,5.0,[9],,,,,,,,,,,310.0,,,,"{""x"": 12682, ""y"": 4153}",,0.0,0.0,,,,
780353,LEVEL_UP,9.0,,,,,,8.0,,,,,,,,,,,,,,,,,,,
780353,SKILL_LEVEL_UP,9.0,,,,,3.0,,NORMAL,,,,,,,,,,,,,,,,,,
780353,ITEM_PURCHASED,3.0,,,,3020.0,,,,,,,,,,,,,,,,,,,,,
780353,TURRET_PLATE_DESTROYED,,0.0,,,,,,,,,200.0,BOT_LANE,,,,,,,"{""x"": 13866, ""y"": 4505}",,,,,,,
780353,LEVEL_UP,7.0,,,,,,9.0,,,,,,,,,,,,,,,,,,,
780353,ITEM_PURCHASED,3.0,,,,2055.0,,,,,,,,,,,,,,,,,,,,,
780353,ITEM_DESTROYED,3.0,,,,3340.0,,,,,,,,,,,,,,,,,,,,,
780353,ITEM_PURCHASED,3.0,,,,3363.0,,,,,,,,,,,,,,,,,,,,,
780353,TURRET_PLATE_DESTROYED,,0.0,,,,,,,,,100.0,MID_LANE,,,,,,,"{""x"": 5846, ""y"": 6396}",,,,,,,
780353,CHAMPION_KILL,,2.0,8.0,,,,,,,,,,,,237.0,,,,"{""x"": 5605, ""y"": 8859}",,0.0,0.0,,,,
780353,LEVEL_UP,2.0,,,,,,10.0,,,,,,,,,,,,,,,,,,,
780353,SKILL_LEVEL_UP,2.0,,,,,1.0,,NORMAL,,,,,,,,,,,,,,,,,,
780353,SKILL_LEVEL_UP,7.0,,,,,1.0,,NORMAL,,,,,,,,,,,,,,,,,,
780353,ITEM_PURCHASED,4.0,,,,1037.0,,,,,,,,,,,,,,,,,,,,,
780353,ITEM_DESTROYED,8.0,,,,3145.0,,,,,,,,,,,,,,,,,,,,,
780353,ITEM_DESTROYED,8.0,,,,3108.0,,,,,,,,,,,,,,,,,,,,,
780353,ITEM_DESTROYED,8.0,,,,1028.0,,,,,,,,,,,,,,,,,,,,,
780353,ITEM_PURCHASED,8.0,,,,3152.0,,,,,,,,,,,,,,,,,,,,,
780353,ITEM_DESTROYED,5.0,,,,3067.0,,,,,,,,,,,,,,,,,,,,,
780353,ITEM_DESTROYED,5.0,,,,1052.0,,,,,,,,,,,,,,,,,,,,,
780353,ITEM_DESTROYED,5.0,,,,2022.0,,,,,,,,,,,,,,,,,,,,,
780353,ITEM_PURCHASED,5.0,,,,6617.0,,,,,,,,,,,,,,,,,,,,,
780353,ITEM_DESTROYED,8.0,,,,3340.0,,,,,,,,,,,,,,,,,,,,,
780353,ITEM_PURCHASED,8.0,,,,3363.0,,,,,,,,,,,,,,,,,,,,,
780353,ITEM_PURCHASED,8.0,,,,1052.0,,,,,,,,,,,,,,,,,,,,,
780353,ITEM_DESTROYED,10.0,,,,2055.0,,,,,,,,,,,,,,,,,,,,,
780353,WARD_PLACED,,,,,,,,,CONTROL_WARD,10.0,,,,,,,,,,,,,,,,
780353,LEVEL_UP,3.0,,,,,,10.0,,,,,,,,,,,,,,,,,,,
780353,SKILL_LEVEL_UP,3.0,,,,,2.0,,NORMAL,,,,,,,,,,,,,,,,,,
780353,LEVEL_UP,1.0,,,,,,10.0,,,,,,,,,,,,,,,,,,,
780353,WARD_PLACED,,,,,,,,,SIGHT_WARD,10.0,,,,,,,,,,,,,,,,
780353,ITEM_DESTROYED,3.0,,,,2055.0,,,,,,,,,,,,,,,,,,,,,
780353,WARD_PLACED,,,,,,,,,CONTROL_WARD,3.0,,,,,,,,,,,,,,,,
780353,SKILL_LEVEL_UP,1.0,,,,,2.0,,NORMAL,,,,,,,,,,,,,,,,,,
780353,TURRET_PLATE_DESTROYED,,0.0,,,,,,,,,200.0,TOP_LANE,,,,,,,"{""x"": 4318, ""y"": 13875}",,,,,,,
780353,LEVEL_UP,6.0,,,,,,10.0,,,,,,,,,,,,,,,,,,,
780353,WARD_PLACED,,,,,,,,,UNDEFINED,1.0,,,,,,,,,,,,,,,,
780353,WARD_PLACED,,,,,,,,,UNDEFINED,1.0,,,,,,,,,,,,,,,,
780353,WARD_PLACED,,,,,,,,,UNDEFINED,1.0,,,,,,,,,,,,,,,,
780353,WARD_PLACED,,,,,,,,,UNDEFINED,1.0,,,,,,,,,,,,,,,,
780353,WARD_PLACED,,,,,,,,,UNDEFINED,1.0,,,,,,,,,,,,,,,,
780353,WARD_PLACED,,,,,,,,,UNDEFINED,1.0,,,,,,,,,,,,,,,,
780353,WARD_PLACED,,,,,,,,,UNDEFINED,1.0,,,,,,,,,,,,,,,,
780353,WARD_PLACED,,,,,,,,,UNDEFINED,1.0,,,,,,,,,,,,,,,,
780353,WARD_PLACED,,,,,,,,,UNDEFINED,1.0,,,,,,,,,,,,,,,,
780353,WARD_PLACED,,,,,,,,,UNDEFINED,1.0,,,,,,,,,,,,,,,,
780353,WARD_PLACED,,,,,,,,,UNDEFINED,1.0,,,,,,,,,,,,,,,,
780353,WARD_PLACED,,,,,,,,,UNDEFINED,1.0,,,,,,,,,,,,,,,,
780353,WARD_PLACED,,,,,,,,,UNDEFINED,1.0,,,,,,,,,,,,,,,,
780353,WARD_PLACED,,,,,,,,,UNDEFINED,1.0,,,,,,,,,,,,,,,,
780353,WARD_PLACED,,,,,,,,,UNDEFINED,1.0,,,,,,,,,,,,,,,,
780353,WARD_PLACED,,,,,,,,,UNDEFINED,1.0,,,,,,,,,,,,,,,,
780353,WARD_PLACED,,,,,,,,,UNDEFINED,1.0,,,,,,,,,,,,,,,,
780353,WARD_PLACED,,,,,,,,,UNDEFINED,1.0,,,,,,,,,,,,,,,,
840358,SKILL_LEVEL_UP,6.0,,,,,3.0,,NORMAL,,,,,,,,,,,,,,,,,,
840358,CHAMPION_KILL,,3.0,9.0,"[2, 4, 5]",,,,,,,,,,,257.0,,,,"{""x"": 10281, ""y"": 2937}",,0.0,3.0,,,,
840358,LEVEL_UP,5.0,,,,,,8.0,,,,,,,,,,,,,,,,,,,
840358,CHAMPION_KILL,,4.0,10.0,"[2, 3, 5]",,,,,,,,,,,185.0,,,,"{""x"": 11443, ""y"": 3593}",,0.0,2.0,,,,
840358,ITEM_DESTROYED,5.0,,,,3866.0,,,,,,,,,,,,,,,,,,,,,
840358,ITEM_DESTROYED,6.0,,,,3057.0,,,,,,,,,,,,,,,,,,,,,
840358,ITEM_DESTROYED,6.0,,,,3044.0,,,,,,,,,,,,,,,,,,,,,
840358,ITEM_DESTROYED,6.0,,,,1042.0,,,,,,,,,,,,,,,,,,,,,
840358,ITEM_PURCHASED,6.0,,,,3078.0,,,,,,,,,,,,,,,,,,,,,
840358,ITEM_DESTROYED,9.0,,,,1001.0,,,,,,,,,,,,,,,,,,,,,
840358,ITEM_DESTROYED,9.0,,,,1029.0,,,,,,,,,,,,,,,,,,,,,
840358,ITEM_PURCHASED,9.0,,,,3047.0,,,,,,,,,,,,,,,,,,,,,
840358,TURRET_PLATE_DESTROYED,,1.0,,,,,,,,,200.0,TOP_LANE,,,,,,,"{""x"": 4318, ""y"": 13875}",,,,,,,
840358,FEAT_UPDATE,,,,,,,,,,,100.0,,,,,,,,,,,,,,,
840358,ELITE_MONSTER_KILL,,2.0,,"[3, 5]",,,,,,,,,,,0.0,,DRAGON,EARTH_DRAGON,"{""x"": 9837, ""y"": 4397}",,,,,,,
840358,WARD_PLACED,,,,,,,,,UNDEFINED,1.0,,,,,,,,,,,,,,,,
840358,WARD_PLACED,,,,,,,,,UNDEFINED,1.0,,,,,,,,,,,,,,,,
840358,WARD_PLACED,,,,,,,,,UNDEFINED,1.0,,,,,,,,,,,,,,,,
840358,WARD_PLACED,,,,,,,,,UNDEFINED,1.0,,,,,,,,,,,,,,,,
840358,WARD_PLACED,,,,,,,,,UNDEFINED,1.0,,,,,,,,,,,,,,,,
840358,WARD_PLACED,,,,,,,,,UNDEFINED,1.0,,,,,,,,,,,,,,,,
840358,WARD_PLACED,,,,,,,,,UNDEFINED,1.0,,,,,,,,,,,,,,,,
840358,WARD_PLACED,,,,,,,,,UNDEFINED,1.0,,,,,,,,,,,,,,,,
840358,WARD_PLACED,,,,,,,,,UNDEFINED,1.0,,,,,,,,,,,,,,,,
840358,WARD_PLACED,,,,,,,,,UNDEFINED,1.0,,,,,,,,,,,,,,,,
840358,WARD_PLACED,,,,,,,,,UNDEFINED,1.0,,,,,,,,,,,,,,,,
840358,WARD_PLACED,,,,,,,,,UNDEFINED,1.0,,,,,,,,,,,,,,,,
840358,WARD_PLACED,,,,,,,,,UNDEFINED,1.0,,,,,,,,,,,,,,,,
840358,WARD_PLACED,,,,,,,,,UNDEFINED,1.0,,,,,,,,,,,,,,,,
840358,WARD_PLACED,,,,,,,,,UNDEFINED,1.0,,,,,,,,,,,,,,,,
840358,WARD_PLACED,,,,,,,,,UNDEFINED,1.0,,,,,,,,,,,,,,,,
840358,WARD_PLACED,,,,,,,,,UNDEFINED,1.0,,,,,,,,,,,,,,,,
840358,WARD_PLACED,,,,,,,,,UNDEFINED,1.0,,,,,,,,,,,,,,,,
840358,ITEM_DESTROYED,5.0,,,,3867.0,,,,,,,,,,,,,,,,,,,,,
840358,WARD_KILL,,2.0,,,,,,,CONTROL_WARD,,,,,,,,,,,,,,,,,
840358,SKILL_LEVEL_UP,5.0,,,,,2.0,,NORMAL,,,,,,,,,,,,,,,,,,
840358,WARD_PLACED,,,,,,,,,YELLOW_TRINKET,6.0,,,,,,,,,,,,,,,,
840358,TURRET_PLATE_DESTROYED,,1.0,,,,,,,,,200.0,TOP_LANE,,,,,,,"{""x"": 4318, ""y"": 13875}",,,,,,,
840358,BUILDING_KILL,,1.0,,,,,,,,,200.0,TOP_LANE,TOWER_BUILDING,OUTER_TURRET,0.0,,,,"{""x"": 4318, ""y"": 13875}",,,,,,,
840358,FEAT_UPDATE,,,,,,,,,,,100.0,,,,,,,,,,,,,,,
840358,FEAT_UPDATE,,,,,,,,,,,200.0,,,,,,,,,,,,,,,
840358,ITEM_DESTROYED,7.0,,,,1036.0,,,,,,,,,,,,,,,,,,,,,
840358,ITEM_PURCHASED,7.0,,,,3134.0,,,,,,,,,,,,,,,,,,,,,
840358,ITEM_PURCHASED,7.0,,,,1036.0,,,,,,,,,,,,,,,,,,,,,
840358,ITEM_DESTROYED,2.0,,,,1028.0,,,,,,,,,,,,,,,,,,,,,
840358,ITEM_DESTROYED,2.0,,,,2022.0,,,,,,,,,,,,,,,,,,,,,
840358,ITEM_PURCHASED,2.0,,,,3067.0,,,,,,,,,,,,,,,,,,,,,
840358,ITEM_PURCHASED,2.0,,,,1037.0,,,,,,,,,,,,,,,,,,,,,
840358,WARD_PLACED,,,,,,,,,UNDEFINED,1.0,,,,,,,,,,,,,,,,
840358,WARD_PLACED,,,,,,,,,UNDEFINED,1.0,,,,,,,,,,,,,,,,
840358,WARD_PLACED,,,,,,,,,UNDEFINED,1.0,,,,,,,,,,,,,,,,
840358,WARD_PLACED,,,,,,,,,UNDEFINED,1.0,,,,,,,,,,,,,,,,
840358,WARD_PLACED,,,,,,,,,UNDEFINED,1.0,,,,,,,,,,,,,,,,
840358,WARD_PLACED,,,,,,,,,UNDEFINED,1.0,,,,,,,,,,,,,,,,
840358,WARD_PLACED,,,,,,,,,UNDEFINED,1.0,,,,,,,,,,,,,,,,
840358,WARD_PLACED,,,,,,,,,UNDEFINED,1.0,,,,,,,,,,,,,,,,
840358,WARD_PLACED,,,,,,,,,UNDEFINED,1.0,,,,,,,,,,,,,,,,
840358,WARD_PLACED,,,,,,,,,UNDEFINED,1.0,,,,,,,,,,,,,,,,
840358,WARD_PLACED,,,,,,,,,UNDEFINED,1.0,,,,,,,,,,,,,,,,
840358,WARD_PLACED,,,,,,,,,UNDEFINED,1.0,,,,,,,,,,,,,,,,
840358,WARD_PLACED,,,,,,,,,UNDEFINED,1.0,,,,,,,,,,,,,,,,
840358,WARD_PLACED,,,,,,,,,UNDEFINED,1.0,,,,,,,,,,,,,,,,
840358,WARD_PLACED,,,,,,,,,UNDEFINED,1.0,,,,,,,,,,,,,,,,
840358,WARD_PLACED,,,,,,,,,UNDEFINED,1.0,,,,,,,,,,,,,,,,
840358,WARD_PLACED,,,,,,,,,UNDEFINED,1.0,,,,,,,,,,,,,,,,
840358,WARD_PLACED,,,,,,,,,UNDEFINED,1.0,,,,,,,,,,,,,,,,
840358,WARD_PLACED,,,,,,,,,YELLOW_TRINKET,1.0,,,,,,,,,,,,,,,,
840358,CHAMPION_KILL,,6.0,1.0,,,,,,,,,,,,334.0,,,,"{""x"": 1351, ""y"": 12641}",,0.0,1.0,,,,
840358,TURRET_PLATE_DESTROYED,,3.0,,,,,,,,,200.0,MID_LANE,,,,,,,"{""x"": 8955, ""y"": 8510}",,,,,,,
840358,ITEM_DESTROYED,1.0,,,,3057.0,,,,,,,,,,,,,,,,,,,,,
840358,ITEM_DESTROYED,1.0,,,,3044.0,,,,,,,,,,,,,,,,,,,,,
840358,ITEM_DESTROYED,1.0,,,,1036.0,,,,,,,,,,,,,,,,,,,,,
840358,ITEM_DESTROYED,1.0,,,,1042.0,,,,,,,,,,,,,,,,,,,,,
840358,ITEM_PURCHASED,1.0,,,,3078.0,,,,,,,,,,,,,,,,,,,,,
840358,LEVEL_UP,10.0,,,,,,8.0,,,,,,,,,,,,,,,,,,,
840358,ITEM_DESTROYED,1.0,,,,1001.0,,,,,,,,,,,,,,,,,,,,,
840358,ITEM_PURCHASED,1.0,,,,3047.0,,,,,,,,,,,,,,,,,,,,,
840358,ITEM_DESTROYED,4.0,,,,2422.0,,,,,,,,,,,,,,,,,,,,,
840358,ITEM_DESTROYED,4.0,,,,1042.0,,,,,,,,,,,,,,,,,,,,,
840358,ITEM_PURCHASED,4.0,,,,3006.0,,,,,,,,,,,,,,,,,,,,,
840358,ITEM_PURCHASED,4.0,,,,1042.0,,,,,,,,,,,,,,,,,,,,,
840358,WARD_PLACED,,,,,,,,,BLUE_TRINKET,8.0,,,,,,,,,,,,,,,,
840358,SKILL_LEVEL_UP,10.0,,,,,3.0,,NORMAL,,,,,,,,,,,,,,,,,,
840358,LEVEL_UP,6.0,,,,,,11.0,,,,,,,,,,,,,,,,,,,
840358,SKILL_LEVEL_UP,6.0,,,,,4.0,,NORMAL,,,,,,,,,,,,,,,,,,
900361,ITEM_DESTROYED,10.0,,,,3866.0,,,,,,,,,,,,,,,,,,,,,
900361,ITEM_PURCHASED,5.0,,,,1028.0,,,,,,,,,,,,,,,,,,,,,
900361,LEVEL_UP,8.0,,,,,,10.0,,,,,,,,,,,,,,,,,,,
900361,SKILL_LEVEL_UP,8.0,,,,,3.0,,NORMAL,,,,,,,,,,,,,,,,,,
900361,LEVEL_UP,4.0,,,,,,9.0,,,,,,,,,,,,,,,,,,,
900361,LEVEL_UP,7.0,,,,,,10.0,,,,,,,,,,,,,,,,,,,
900361,SKILL_LEVEL_UP,4.0,,,,,1.0,,NORMAL,,,,,,,,,,,,,,,,,,
900361,ITEM_DESTROYED,10.0,,,,3867.0,,,,,,,,,,,,,,,,,,,,,
900361,SKILL_LEVEL_UP,7.0,,,,,2.0,,NORMAL,,,,,,,,,,,,,,,,,,
900361,WARD_PLACED,,,,,,,,,BLUE_TRINKET,3.0,,,,,,,,,,,,,,,,
900361,LEVEL_UP,2.0,,,,,,11.0,,,,,,,,,,,,,,,,,,,
900361,CHAMPION_KILL,,2.0,6.0,,,,,,,,,,,,350.0,,,,"{""x"": 1661, ""y"": 11812}",,0.0,1.0,,,,
900361,SKILL_LEVEL_UP,2.0,,,,,4.0,,NORMAL,,,,,,,,,,,,,,,,,,
900361,ITEM_PURCHASED,6.0,,,,1036.0,,,,,,,,,,,,,,,,,,,,,
900361,ITEM_PURCHASED,6.0,,,,1028.0,,,,,,,,,,,,,,,,,,,,,
900361,LEVEL_UP,3.0,,,,,,11.0,,,,,,,,,,,,,,,,,,,
900361,ITEM_PURCHASED,6.0,,,,2055.0,,,,,,,,,,,,,,,,,,,,,
900361,SKILL_LEVEL_UP,3.0,,,,,4.0,,NORMAL,,,,,,,,,,,,,,,,,,
900361,WARD_KILL,,4.0,,,,,,,SIGHT_WARD,,,,,,,,,,,,,,,,,
900361,WARD_PLACED,,,,,,,,,SIGHT_WARD,5.0,,,,,,,,,,,,,,,,
900361,LEVEL_UP,2.0,,,,,,12.0,,,,,,,,,,,,,,,,,,,
900361,CHAMPION_KILL,,7.0,3.0,[8],,,,,,,,,,,350.0,,,,"{""x"": 8437, ""y"": 6655}",,286.0,1.0,,,,
900361,SKILL_LEVEL_UP,2.0,,,,,1.0,,NORMAL,,,,,,,,,,,,,,,,,,
900361,WARD_KILL,,7.0,,,,,,,BLUE_TRINKET,,,,,,,,,,,,,,,,,
900361,ITEM_DESTROYED,5.0,,,,2003.0,,,,,,,,,,,,,,,,,,,,,
960387,WARD_PLACED,,,,,,,,,SIGHT_WARD,10.0,,,,,,,,,,,,,,,,
960387,ITEM_PURCHASED,3.0,,,,1058.0,,,,,,,,,,,,,,,,,,,,,
960387,ITEM_DESTROYED,5.0,,,,2055.0,,,,,,,,,,,,,,,,,,,,,
960387,WARD_PLACED,,,,,,,,,CONTROL_WARD,5.0,,,,,,,,,,,,,,,,
960387,WARD_PLACED,,,,,,,,,SIGHT_WARD,5.0,,,,,,,,,,,,,,,,
960387,WARD_KILL,,4.0,,,,,,,SIGHT_WARD,,,,,,,,,,,,,,,,,
960387,ITEM_DESTROYED,8.0,,,,1052.0,,,,,,,,,,,,,,,,,,,,,
960387,ITEM_PURCHASED,8.0,,,,3916.0,,,,,,,,,,,,,,,,,,,,,
960387,WARD_PLACED,,,,,,,,,SIGHT_WARD,5.0,,,,,,,,,,,,,,,,
960387,ITEM_PURCHASED,8.0,,,,1052.0,,,,,,,,,,,,,,,,,,,,,
960387,WARD_PLACED,,,,,,,,,SIGHT_WARD,5.0,,,,,,,,,,,,,,,,
960387,LEVEL_UP,1.0,,,,,,11.0,,,,,,,,,,,,,,,,,,,
960387,LEVEL_UP,8.0,,,,,,11.0,,,,,,,,,,,,,,,,,,,
960387,SKILL_LEVEL_UP,1.0,,,,,4.0,,NORMAL,,,,,,,,,,,,,,,,,,
960387,SKILL_LEVEL_UP,8.0,,,,,4.0,,NORMAL,,,,,,,,,,,,,,,,,,
960387,LEVEL_UP,5.0,,,,,,9.0,,,,,,,,,,,,,,,,,,,
960387,SKILL_LEVEL_UP,5.0,,,,,2.0,,NORMAL,,,,,,,,,,,,,,,,,,
960387,ITEM_DESTROYED,6.0,,,,2055.0,,,,,,,,,,,,,,,,,,,,,
960387,WARD_PLACED,,,,,,,,,CONTROL_WARD,6.0,,,,,,,,,,,,,,,,
1020415,WARD_PLACED,,,,,,,,,YELLOW_TRINKET,1.0,,,,,,,,,,,,,,,,
1020415,CHAMPION_KILL,,8.0,4.0,"[7, 10]",,,,,,,,,,,330.0,,,,"{""x"": 11831, ""y"": 2254}",,265.0,0.0,,,,
1020415,LEVEL_UP,9.0,,,,,,9.0,,,,,,,,,,,,,,,,,,,
1020415,SKILL_LEVEL_UP,9.0,,,,,1.0,,NORMAL,,,,,,,,,,,,,,,,,,
1020415,CHAMPION_KILL,,2.0,7.0,"[4, 5]",,,,,,,,,,,340.0,,,,"{""x"": 13277, ""y"": 2713}",,0.0,2.0,,,,
1020415,LEVEL_UP,4.0,,,,,,10.0,,,,,,,,,,,,,,,,,,,
1020415,CHAMPION_KILL,,9.0,5.0,"[8, 10]",,,,,,,,,,,323.0,,,,"{""x"": 11606, ""y"": 3390}",,0.0,0.0,,,,
1020415,LEVEL_UP,10.0,,,,,,9.0,,,,,,,,,,,,,,,,,,,
1020415,CHAMPION_KILL,,2.0,8.0,[5],,,,,,,,,,,350.0,,,,"{""x"": 12244, ""y"": 3362}",,0.0,3.0,,,,
1020415,CHAMPION_SPECIAL_KILL,,2.0,,,,,,,,,,,,,,2.0,,,"{""x"": 12321, ""y"": 3254}",,,,,,,
1020415,LEVEL_UP,6.0,,,,,,12.0,,,,,,,,,,,,,,,,,,,
1020415,CHAMPION_KILL,,9.0,2.0,"[7, 8, 10]",,,,,,,,,,,360.0,,,,"{""x"": 12357, ""y"": 3259}",,335.0,1.0,,,,
1020415,CHAMPION_SPECIAL_KILL,,9.0,,,,,,,,,,,,,,2.0,,,"{""x"": 11794, ""y"": 2989}",,,,,,,
1020415,LEVEL_UP,7.0,,,,,,11.0,,,,,,,,,,,,,,,,,,,
1020415,SKILL_LEVEL_UP,10.0,,,,,2.0,,NORMAL,,,,,,,,,,,,,,,,,,
1020415,SKILL_LEVEL_UP,7.0,,,,,4.0,,NORMAL,,,,,,,,,,,,,,,,,,
1020415,ITEM_DESTROYED,2.0,,,,3044.0,,,,,,,,,,,,,,,,,,,,,
1020415,ITEM_DESTROYED,2.0,,,,3067.0,,,,,,,,,,,,,,,,,,,,,
1020415,ITEM_DESTROYED,2.0,,,,1037.0,,,,,,,,,,,,,,,,,,,,,
1020415,ITEM_PURCHASED,2.0,,,,3071.0,,,,,,,,,,,,,,,,,,,,,
1020415,ITEM_DESTROYED,4.0,,,,1042.0,,,,,,,,,,,,,,,,,,,,,
1020415,ITEM_PURCHASED,4.0,,,,1043.0,,,,,,,,,,,,,,,,,,,,,
1020415,BUILDING_KILL,,3.0,,,,,,,,,200.0,MID_LANE,TOWER_BUILDING,OUTER_TURRET,0.0,,,,"{""x"": 8955, ""y"": 8510}",,,,,,,
1020415,ITEM_PURCHASED,4.0,,,,1052.0,,,,,,,,,,,,,,,,,,,,,
1020415,ITEM_PURCHASED,2.0,,,,2019.0,,,,,,,,,,,,,,,,,,,,,
1020415,ITEM_PURCHASED,2.0,,,,1037.0,,,,,,,,,,,,,,,,,,,,,
1020415,ITEM_DESTROYED,7.0,,,,1037.0,,,,,,,,,,,,,,,,,,,,,
1020415,ITEM_DESTROYED,7.0,,,,1036.0,,,,,,,,,,,,,,,,,,,,,
1020415,ITEM_PURCHASED,7.0,,,,6696.0,,,,,,,,,,,,,,,,,,,,,
1020415,ITEM_DESTROYED,4.0,,,,3340.0,,,,,,,,,,,,,,,,,,,,,
1020415,ITEM_PURCHASED,4.0,,,,3363.0,,,,,,,,,,,,,,,,,,,,,
1020415,ITEM_PURCHASED,7.0,,,,1028.0,,,,,,,,,,,,,,,,,,,,,
1020415,ITEM_SOLD,8.0,,,,1056.0,,,,,,,,,,,,,,,,,,,,,
1020415,SKILL_LEVEL_UP,6.0,,,,,3.0,,NORMAL,,,,,,,,,,,,,,,,,,
1020415,ITEM_PURCHASED,8.0,,,,3057.0,,,,,,,,,,,,,,,,,,,,,
1020415,WARD_KILL,,10.0,,,,,,,CONTROL_WARD,,,,,,,,,,,,,,,,,
1020415,BUILDING_KILL,,6.0,,,,,,,,,100.0,TOP_LANE,TOWER_BUILDING,OUTER_TURRET,0.0,,,,"{""x"": 981, ""y"": 10441}",,,,,,,
1020415,ITEM_DESTROYED,5.0,,,,1028.0,,,,,,,,,,,,,,,,,,,,,
1020415,ITEM_PURCHASED,5.0,,,,3067.0,,,,,,,,,,,,,,,,,,,,,
1020415,ITEM_PURCHASED,5.0,,,,1004.0,,,,,,,,,,,,,,,,,,,,,
1020415,BUILDING_KILL,,10.0,,[9],,,,,,,100.0,BOT_LANE,TOWER_BUILDING,OUTER_TURRET,0.0,,,,"{""x"": 10504, ""y"": 1029}",,,,,,,
1020415,SKILL_LEVEL_UP,4.0,,,,,1.0,,EVOLVE,,,,,,,,,,,,,,,,,,
1020415,SKILL_LEVEL_UP,4.0,,,,,3.0,,NORMAL,,,,,,,,,,,,,,,,,,
1020415,FEAT_UPDATE,,,,,,,,,,,100.0,,,,,,,,,,,,,,,
1020415,ELITE_MONSTER_KILL,,1.0,,,,,,,,,,,,,0.0,,RIFTHERALD,,"{""x"": 4530, ""y"": 10338}",,,,,,,
1020415,WARD_PLACED,,,,,,,,,BLUE_TRINKET,3.0,,,,,,,,,,,,,,,,
1020415,ITEM_DESTROYED,1.0,,,,3340.0,,,,,,,,,,,,,,,,,,,,,
1020415,SKILL_LEVEL_UP,7.0,,,,,2.0,,EVOLVE,,,,,,,,,,,,,,,,,,
1020415,WARD_KILL,,9.0,,,,,,,BLUE_TRINKET,,,,,,,,,,,,,,,,,
1020415,CHAMPION_KILL,,3.0,9.0,,,,,,,,,,,,330.0,,,,"{""x"": 13130, ""y"": 2524}",,0.0,0.0,,,,
1020415,LEVEL_UP,3.0,,,,,,12.0,,,,,,,,,,,,,,,,,,,
1020415,ITEM_DESTROYED,6.0,,,,1036.0,,,,,,,,,,,,,,,,,,,,,
1020415,ITEM_DESTROYED,6.0,,,,1028.0,,,,,,,,,,,,,,,,,,,,,
1020415,ITEM_PURCHASED,6.0,,,,2021.0,,,,,,,,,,,,,,,,,,,,,
1020415,ITEM_PURCHASED,6.0,,,,1036.0,,,,,,,,,,,,,,,,,,,,,
1020415,ITEM_PURCHASED,9.0,,,,1038.0,,,,,,,,,,,,,,,,,,,,,
1020415,ITEM_PURCHASED,9.0,,,,1037.0,,,,,,,,,,,,,,,,,,,,,
1020415,SKILL_LEVEL_UP,3.0,,,,,2.0,,NORMAL,,,,,,,,,,,,,,,,,,
1020415,CHAMPION_KILL,,3.0,10.0,,,,,,,,,,,,204.0,,,,"{""x"": 13500, ""y"": 3688}",,0.0,1.0,,,,
1020415,CHAMPION_SPECIAL_KILL,,3.0,,,,,,,,,,,,,,2.0,,,"{""x"": 13563, ""y"": 3448}",,,,,,,
1020415,ITEM_PURCHASED,6.0,,,,1036.0,,,,,,,,,,,,,,,,,,,,,
1080433,ITEM_DESTROYED,10.0,,,,3067.0,,,,,,,,,,,,,,,,,,,,,
1080433,ITEM_DESTROYED,10.0,,,,1029.0,,,,,,,,,,,,,,,,,,,,,
1080433,ITEM_DESTROYED,10.0,,,,1033.0,,,,,,,,,,,,,,,,,,,,,
1080433,ITEM_PURCHASED,10.0,,,,3050.0,,,,,,,,,,,,,,,,,,,,,
1080433,ITEM_DESTROYED,10.0,,,,1001.0,,,,,,,,,,,,,,,,,,,,,
1080433,ITEM_PURCHASED,10.0,,,,3158.0,,,,,,,,,,,,,,,,,,,,,
1080433,ITEM_PURCHASED,10.0,,,,1029.0,,,,,,,,,,,,,,,,,,,,,
1080433,LEVEL_UP,2.0,,,,,,13.0,,,,,,,,,,,,,,,,,,,
1080433,ITEM_DESTROYED,2.0,,,,1103.0,,,,,,,,,,,,,,,,,,,,,
1080433,SKILL_LEVEL_UP,2.0,,,,,1.0,,NORMAL,,,,,,,,,,,,,,,,,,
1080433,LEVEL_UP,1.0,,,,,,12.0,,,,,,,,,,,,,,,,,,,
1080433,SKILL_LEVEL_UP,1.0,,,,,3.0,,NORMAL,,,,,,,,,,,,,,,,,,
1080433,WARD_KILL,,5.0,,,,,,,BLUE_TRINKET,,,,,,,,,,,,,,,,,
1080433,WARD_PLACED,,,,,,,,,SIGHT_WARD,5.0,,,,,,,,,,,,,,,,
1080433,ITEM_DESTROYED,7.0,,,,1102.0,,,,,,,,,,,,,,,,,,,,,
1080433,WARD_PLACED,,,,,,,,,SIGHT_WARD,5.0,,,,,,,,,,,,,,,,
1080433,LEVEL_UP,9.0,,,,,,10.0,,,,,,,,,,,,,,,,,,,
1080433,WARD_PLACED,,,,,,,,,UNDEFINED,1.0,,,,,,,,,,,,,,,,
1080433,WARD_PLACED,,,,,,,,,UNDEFINED,1.0,,,,,,,,,,,,,,,,
1080433,WARD_PLACED,,,,,,,,,UNDEFINED,1.0,,,,,,,,,,,,,,,,
1080433,WARD_PLACED,,,,,,,,,UNDEFINED,1.0,,,,,,,,,,,,,,,,
1080433,WARD_PLACED,,,,,,,,,UNDEFINED,1.0,,,,,,,,,,,,,,,,
1080433,WARD_PLACED,,,,,,,,,UNDEFINED,1.0,,,,,,,,,,,,,,,,
1080433,WARD_PLACED,,,,,,,,,UNDEFINED,1.0,,,,,,,,,,,,,,,,
1080433,WARD_PLACED,,,,,,,,,UNDEFINED,1.0,,,,,,,,,,,,,,,,
1080433,WARD_PLACED,,,,,,,,,UNDEFINED,1.0,,,,,,,,,,,,,,,,
1080433,WARD_PLACED,,,,,,,,,UNDEFINED,1.0,,,,,,,,,,,,,,,,
1080433,WARD_PLACED,,,,,,,,,UNDEFINED,1.0,,,,,,,,,,,,,,,,
1080433,WARD_PLACED,,,,,,,,,UNDEFINED,1.0,,,,,,,,,,,,,,,,
1080433,WARD_PLACED,,,,,,,,,UNDEFINED,1.0,,,,,,,,,,,,,,,,
1080433,WARD_PLACED,,,,,,,,,UNDEFINED,1.0,,,,,,,,,,,,,,,,
1080433,WARD_PLACED,,,,,,,,,UNDEFINED,1.0,,,,,,,,,,,,,,,,
1080433,WARD_PLACED,,,,,,,,,UNDEFINED,1.0,,,,,,,,,,,,,,,,
1080433,WARD_PLACED,,,,,,,,,UNDEFINED,1.0,,,,,,,,,,,,,,,,
1080433,WARD_PLACED,,,,,,,,,UNDEFINED,1.0,,,,,,,,,,,,,,,,
1080433,SKILL_LEVEL_UP,9.0,,,,,3.0,,NORMAL,,,,,,,,,,,,,,,,,,
1080433,CHAMPION_KILL,,1.0,7.0,,,,,,,,,,,,350.0,,,,"{""x"": 4811, ""y"": 13587}",,0.0,0.0,,,,
1080433,LEVEL_UP,8.0,,,,,,12.0,,,,,,,,,,,,,,,,,,,
1080433,SKILL_LEVEL_UP,8.0,,,,,3.0,,NORMAL,,,,,,,,,,,,,,,,,,
1080433,ITEM_PURCHASED,7.0,,,,1036.0,,,,,,,,,,,,,,,,,,,,,
1080433,WARD_KILL,,1.0,,,,,,,CONTROL_WARD,,,,,,,,,,,,,,,,,
1080433,WARD_PLACED,,,,,,,,,YELLOW_TRINKET,9.0,,,,,,,,,,,,,,,,
1080433,ITEM_PURCHASED,1.0,,,,2021.0,,,,,,,,,,,,,,,,,,,,,
1080433,ITEM_PURCHASED,1.0,,,,1037.0,,,,,,,,,,,,,,,,,,,,,
1080433,WARD_KILL,,3.0,,,,,,,CONTROL_WARD,,,,,,,,,,,,,,,,,
1080433,LEVEL_UP,4.0,,,,,,11.0,,,,,,,,,,,,,,,,,,,
1140436,SKILL_LEVEL_UP,4.0,,,,,4.0,,NORMAL,,,,,,,,,,,,,,,,,,
1140436,WARD_PLACED,,,,,,,,,YELLOW_TRINKET,6.0,,,,,,,,,,,,,,,,
1140436,ITEM_DESTROYED,8.0,,,,1001.0,,,,,,,,,,,,,,,,,,,,,
1140436,ITEM_PURCHASED,8.0,,,,3020.0,,,,,,,,,,,,,,,,,,,,,
1140436,LEVEL_UP,5.0,,,,,,10.0,,,,,,,,,,,,,,,,,,,
1140436,SKILL_LEVEL_UP,5.0,,,,,3.0,,NORMAL,,,,,,,,,,,,,,,,,,
1140436,WARD_PLACED,,,,,,,,,YELLOW_TRINKET,6.0,,,,,,,,,,,,,,,,
1140436,LEVEL_UP,3.0,,,,,,13.0,,,,,,,,,,,,,,,,,,,
1140436,SKILL_LEVEL_UP,3.0,,,,,2.0,,NORMAL,,,,,,,,,,,,,,,,,,
1140436,LEVEL_UP,6.0,,,,,,13.0,,,,,,,,,,,,,,,,,,,
1140436,ITEM_DESTROYED,7.0,,,,1036.0,,,,,,,,,,,,,,,,,,,,,
1140436,ITEM_DESTROYED,7.0,,,,1028.0,,,,,,,,,,,,,,,,,,,,,
1140436,ITEM_PURCHASED,7.0,,,,2021.0,,,,,,,,,,,,,,,,,,,,,
1140436,WARD_PLACED,,,,,,,,,BLUE_TRINKET,8.0,,,,,,,,,,,,,,,,
1140436,SKILL_LEVEL_UP,6.0,,,,,3.0,,NORMAL,,,,,,,,,,,,,,,,,,
1140436,ITEM_DESTROYED,6.0,,,,1036.0,,,,,,,,,,,,,,,,,,,,,
1140436,ITEM_DESTROYED,6.0,,,,1036.0,,,,,,,,,,,,,,,,,,,,,
1140436,ITEM_PURCHASED,6.0,,,,3133.0,,,,,,,,,,,,,,,,,,,,,
1140436,WARD_PLACED,,,,,,,,,SIGHT_WARD,5.0,,,,,,,,,,,,,,,,
1140436,ITEM_PURCHASED,6.0,,,,1029.0,,,,,,,,,,,,,,,,,,,,,
1140436,LEVEL_UP,1.0,,,,,,13.0,,,,,,,,,,,,,,,,,,,
1140436,SKILL_LEVEL_UP,1.0,,,,,3.0,,NORMAL,,,,,,,,,,,,,,,,,,
1140436,CHAMPION_KILL,,2.0,9.0,"[4, 5]",,,,,,,,,,,340.0,,,,"{""x"": 9689, ""y"": 7519}",,0.0,0.0,,,,
1140436,WARD_PLACED,,,,,,,,,BLUE_TRINKET,3.0,,,,,,,,,,,,,,,,
1140436,ITEM_PURCHASED,9.0,,,,1018.0,,,,,,,,,,,,,,,,,,,,,
1140436,CHAMPION_KILL,,3.0,8.0,"[2, 5]",,,,,,,,,,,360.0,,,,"{""x"": 12153, ""y"": 8445}",,0.0,2.0,,,,
1140436,LEVEL_UP,2.0,,,,,,14.0,,,,,,,,,,,,,,,,,,,
1140436,SKILL_LEVEL_UP,2.0,,,,,3.0,,NORMAL,,,,,,,,,,,,,,,,,,
1140436,ITEM_DESTROYED,1.0,,,,3513.0,,,,,,,,,,,,,,,,,,,,,
1140436,WARD_PLACED,,,,,,,,,YELLOW_TRINKET,1.0,,,,,,,,,,,,,,,,
1140436,CHAMPION_KILL,,4.0,6.0,"[2, 3, 5]",,,,,,,,,,,370.0,,,,"{""x"": 11324, ""y"": 8298}",,0.0,0.0,,,,
1140436,CHAMPION_KILL,,5.0,10.0,"[2, 3, 4]",,,,,,,,,,,163.0,,,,"{""x"": 11520, ""y"": 8053}",,0.0,0.0,,,,
1200469,WARD_PLACED,,,,,,,,,SIGHT_WARD,5.0,,,,,,,,,,,,,,,,
1200469,BUILDING_KILL,,1.0,,,,,,,,,200.0,TOP_LANE,TOWER_BUILDING,INNER_TURRET,0.0,,,,"{""x"": 7943, ""y"": 13411}",,,,,,,
1200469,OBJECTIVE_BOUNTY_PRESTART,,,,,,,,,,,200.0,,,,,,,,,,,,,,,
1200469,ITEM_PURCHASED,10.0,,,,2022.0,,,,,,,,,,,,,,,,,,,,,
1200469,ITEM_PURCHASED,10.0,,,,2055.0,,,,,,,,,,,,,,,,,,,,,
1200469,BUILDING_KILL,,3.0,,[4],,,,,,,200.0,MID_LANE,TOWER_BUILDING,INNER_TURRET,0.0,,,,"{""x"": 9767, ""y"": 10113}",,,,,,,
1200469,FEAT_UPDATE,,,,,,,,,,,100.0,,,,,,,,,,,,,,,
1200469,FEAT_UPDATE,,,,,,,,,,,200.0,,,,,,,,,,,,,,,
1200469,ELITE_MONSTER_KILL,,2.0,,,,,,,,,,,,,0.0,,DRAGON,FIRE_DRAGON,"{""x"": 10354, ""y"": 4932}",,,,,,,
1200469,DRAGON_SOUL_GIVEN,,,,,,,,,,,0.0,,,,,,,,,,,,,,,Cloud
1200469,LEVEL_UP,9.0,,,,,,11.0,,,,,,,,,,,,,,,,,,,
1200469,SKILL_LEVEL_UP,9.0,,,,,4.0,,NORMAL,,,,,,,,,,,,,,,,,,
1200469,CHAMPION_KILL,,4.0,7.0,[5],,,,,,,,,,,350.0,,,,"{""x"": 11027, ""y"": 11328}",,0.0,1.0,,,,
1200469,LEVEL_UP,4.0,,,,,,12.0,,,,,,,,,,,,,,,,,,,
1200469,LEVEL_UP,5.0,,,,,,11.0,,,,,,,,,,,,,,,,,,,
1200469,ITEM_DESTROYED,1.0,,,,1037.0,,,,,,,,,,,,,,,,,,,,,
1200469,ITEM_DESTROYED,1.0,,,,2021.0,,,,,,,,,,,,,,,,,,,,,
1200469,ITEM_PURCHASED,1.0,,,,3161.0,,,,,,,,,,,,,,,,,,,,,
1200469,ITEM_PURCHASED,1.0,,,,1036.0,,,,,,,,,,,,,,,,,,,,,
1200469,SKILL_LEVEL_UP,5.0,,,,,4.0,,NORMAL,,,,,,,,,,,,,,,,,,
1200469,SKILL_LEVEL_UP,4.0,,,,,3.0,,EVOLVE,,,,,,,,,,,,,,,,,,
1200469,SKILL_LEVEL_UP,4.0,,,,,3.0,,NORMAL,,,,,,,,,,,,,,,,,,
1200469,LEVEL_UP,10.0,,,,,,10.0,,,,,,,,,,,,,,,,,,,
1200469,SKILL_LEVEL_UP,10.0,,,,,3.0,,NORMAL,,,,,,,,,,,,,,,,,,
1200469,ITEM_DESTROYED,5.0,,,,3067.0,,,,,,,,,,,,,,,,,,,,,
1200469,ITEM_DESTROYED,5.0,,,,1004.0,,,,,,,,,,,,,,,,,,,,,
1200469,ITEM_PURCHASED,5.0,,,,3222.0,,,,,,,,,,,,,,,,,,,,,
1200469,ITEM_PURCHASED,5.0,,,,2055.0,,,,,,,,,,,,,,,,,,,,,
1200469,ITEM_DESTROYED,4.0,,,,1052.0,,,,,,,,,,,,,,,,,,,,,
1200469,ITEM_DESTROYED,4.0,,,,1043.0,,,,,,,,,,,,,,,,,,,,,
1200469,ITEM_DESTROYED,4.0,,,,1037.0,,,,,,,,,,,,,,,,,,,,,
1200469,ITEM_PURCHASED,4.0,,,,3124.0,,,,,,,,,,,,,,,,,,,,,
1200469,ITEM_DESTROYED,9.0,,,,1038.0,,,,,,,,,,,,,,,,,,,,,
1200469,ITEM_DESTROYED,9.0,,,,1037.0,,,,,,,,,,,,,,,,,,,,,
1200469,ITEM_DESTROYED,9.0,,,,1018.0,,,,,,,,,,,,,,,,,,,,,
1200469,ITEM_PURCHASED,9.0,,,,3031.0,,,,,,,,,,,,,,,,,,,,,
1200469,ITEM_PURCHASED,4.0,,,,1026.0,,,,,,,,,,,,,,,,,,,,,
1200469,ITEM_PURCHASED,4.0,,,,1052.0,,,,,,,,,,,,,,,,,,,,,
1200469,ITEM_DESTROYED,2.0,,,,2019.0,,,,,,,,,,,,,,,,,,,,,
1200469,ITEM_DESTROYED,2.0,,,,1037.0,,,,,,,,,,,,,,,,,,,,,
1200469,ITEM_PURCHASED,2.0,,,,6333.0,,,,,,,,,,,,,,,,,,,,,
1200469,ITEM_PURCHASED,2.0,,,,1033.0,,,,,,,,,,,,,,,,,,,,,
1200469,WARD_KILL,,10.0,,,,,,,SIGHT_WARD,,,,,,,,,,,,,,,,,
1260476,ITEM_DESTROYED,10.0,,,,2055.0,,,,,,,,,,,,,,,,,,,,,
1260476,WARD_PLACED,,,,,,,,,CONTROL_WARD,10.0,,,,,,,,,,,,,,,,
1260476,ITEM_DESTROYED,3.0,,,,1058.0,,,,,,,,,,,,,,,,,,,,,
1260476,ITEM_PURCHASED,3.0,,,,4645.0,,,,,,,,,,,,,,,,,,,,,
1260476,ITEM_PURCHASED,3.0,,,,1058.0,,,,,,,,,,,,,,,,,,,,,
1260476,WARD_PLACED,,,,,,,,,SIGHT_WARD,10.0,,,,,,,,,,,,,,,,
1260476,LEVEL_UP,2.0,,,,,,15.0,,,,,,,,,,,,,,,,,,,
1260476,SKILL_LEVEL_UP,2.0,,,,,3.0,,NORMAL,,,,,,,,,,,,,,,,,,
1260476,WARD_KILL,,5.0,,,,,,,SIGHT_WARD,,,,,,,,,,,,,,,,,
1260476,WARD_PLACED,,,,,,,,,BLUE_TRINKET,8.0,,,,,,,,,,,,,,,,
1260476,WARD_PLACED,,,,,,,,,SIGHT_WARD,10.0,,,,,,,,,,,,,,,,
1260476,LEVEL_UP,1.0,,,,,,14.0,,,,,,,,,,,,,,,,,,,
1260476,WARD_PLACED,,,,,,,,,BLUE_TRINKET,4.0,,,,,,,,,,,,,,,,
1260476,ITEM_DESTROYED,5.0,,,,2055.0,,,,,,,,,,,,,,,,,,,,,
1260476,WARD_PLACED,,,,,,,,,CONTROL_WARD,5.0,,,,,,,,,,,,,,,,
1260476,SKILL_LEVEL_UP,1.0,,,,,3.0,,NORMAL,,,,,,,,,,,,,,,,,,
1260476,LEVEL_UP,7.0,,,,,,12.0,,,,,,,,,,,,,,,,,,,
1260476,SKILL_LEVEL_UP,7.0,,,,,2.0,,NORMAL,,,,,,,,,,,,,,,,,,
1260476,WARD_PLACED,,,,,,,,,SIGHT_WARD,10.0,,,,,,,,,,,,,,,,
1260476,LEVEL_UP,3.0,,,,,,14.0,,,,,,,,,,,,,,,,,,,
1260476,SKILL_LEVEL_UP,3.0,,,,,3.0,,NORMAL,,,,,,,,,,,,,,,,,,
1260476,WARD_KILL,,10.0,,,,,,,BLUE_TRINKET,,,,,,,,,,,,,,,,,
1260476,WARD_PLACED,,,,,,,,,UNDEFINED,1.0,,,,,,,,,,,,,,,,
1260476,WARD_PLACED,,,,,,,,,UNDEFINED,1.0,,,,,,,,,,,,,,,,
1260476,WARD_PLACED,,,,,,,,,UNDEFINED,1.0,,,,,,,,,,,,,,,,
1260476,WARD_PLACED,,,,,,,,,UNDEFINED,1.0,,,,,,,,,,,,,,,,
1260476,WARD_PLACED,,,,,,,,,UNDEFINED,1.0,,,,,,,,,,,,,,,,
1260476,WARD_PLACED,,,,,,,,,UNDEFINED,1.0,,,,,,,,,,,,,,,,
1260476,WARD_PLACED,,,,,,,,,UNDEFINED,1.0,,,,,,,,,,,,,,,,
1260476,WARD_PLACED,,,,,,,,,UNDEFINED,1.0,,,,,,,,,,,,,,,,
1260476,WARD_PLACED,,,,,,,,,UNDEFINED,1.0,,,,,,,,,,,,,,,,
1260476,WARD_PLACED,,,,,,,,,UNDEFINED,1.0,,,,,,,,,,,,,,,,
1260476,WARD_PLACED,,,,,,,,,UNDEFINED,1.0,,,,,,,,,,,,,,,,
1260476,WARD_PLACED,,,,,,,,,UNDEFINED,1.0,,,,,,,,,,,,,,,,
1260476,WARD_PLACED,,,,,,,,,UNDEFINED,1.0,,,,,,,,,,,,,,,,
1260476,WARD_PLACED,,,,,,,,,UNDEFINED,1.0,,,,,,,,,,,,,,,,
1260476,WARD_PLACED,,,,,,,,,UNDEFINED,1.0,,,,,,,,,,,,,,,,
1260476,WARD_PLACED,,,,,,,,,UNDEFINED,1.0,,,,,,,,,,,,,,,,
1260476,WARD_PLACED,,,,,,,,,UNDEFINED,1.0,,,,,,,,,,,,,,,,
1260476,WARD_PLACED,,,,,,,,,UNDEFINED,1.0,,,,,,,,,,,,,,,,
1260476,WARD_PLACED,,,,,,,,,BLUE_TRINKET,3.0,,,,,,,,,,,,,,,,
1260476,WARD_KILL,,5.0,,,,,,,BLUE_TRINKET,,,,,,,,,,,,,,,,,
1260476,WARD_KILL,,2.0,,,,,,,CONTROL_WARD,,,,,,,,,,,,,,,,,
1260476,WARD_KILL,,2.0,,,,,,,SIGHT_WARD,,,,,,,,,,,,,,,,,
1260476,CHAMPION_KILL,,1.0,6.0,,,,,,,,,,,,370.0,,,,"{""x"": 10669, ""y"": 13277}",,0.0,1.0,,,,
1320500,ITEM_DESTROYED,6.0,,,,1001.0,,,,,,,,,,,,,,,,,,,,,
1320500,ITEM_DESTROYED,6.0,,,,1029.0,,,,,,,,,,,,,,,,,,,,,
1320500,ITEM_PURCHASED,6.0,,,,3047.0,,,,,,,,,,,,,,,,,,,,,
1320500,BUILDING_KILL,,1.0,,,,,,,,,200.0,TOP_LANE,TOWER_BUILDING,BASE_TURRET,0.0,,,,"{""x"": 10481, ""y"": 13650}",,,,,,,
1320500,WARD_PLACED,,,,,,,,,SIGHT_WARD,10.0,,,,,,,,,,,,,,,,
1320500,ELITE_MONSTER_KILL,,4.0,,"[2, 3, 5]",,,,,,,,,,,0.0,,ATAKHAN,,"{""x"": 11181, ""y"": 3465}",,,,,,,
1320500,BUILDING_KILL,,1.0,,,,,,,,,200.0,TOP_LANE,INHIBITOR_BUILDING,,0.0,,,,"{""x"": 11275, ""y"": 13657}",,,,,,,
1320500,WARD_KILL,,4.0,,,,,,,SIGHT_WARD,,,,,,,,,,,,,,,,,
1320500,LEVEL_UP,1.0,,,,,,15.0,,,,,,,,,,,,,,,,,,,
1320500,WARD_PLACED,,,,,,,,,UNDEFINED,1.0,,,,,,,,,,,,,,,,
1320500,WARD_PLACED,,,,,,,,,UNDEFINED,1.0,,,,,,,,,,,,,,,,
1320500,WARD_PLACED,,,,,,,,,UNDEFINED,1.0,,,,,,,,,,,,,,,,
1320500,WARD_PLACED,,,,,,,,,UNDEFINED,1.0,,,,,,,,,,,,,,,,
1320500,WARD_PLACED,,,,,,,,,UNDEFINED,1.0,,,,,,,,,,,,,,,,
1320500,WARD_PLACED,,,,,,,,,UNDEFINED,1.0,,,,,,,,,,,,,,,,
1320500,WARD_PLACED,,,,,,,,,UNDEFINED,1.0,,,,,,,,,,,,,,,,
1320500,WARD_PLACED,,,,,,,,,UNDEFINED,1.0,,,,,,,,,,,,,,,,
1320500,WARD_PLACED,,,,,,,,,UNDEFINED,1.0,,,,,,,,,,,,,,,,
1320500,WARD_PLACED,,,,,,,,,UNDEFINED,1.0,,,,,,,,,,,,,,,,
1320500,WARD_PLACED,,,,,,,,,UNDEFINED,1.0,,,,,,,,,,,,,,,,
1320500,WARD_PLACED,,,,,,,,,UNDEFINED,1.0,,,,,,,,,,,,,,,,
1320500,WARD_PLACED,,,,,,,,,UNDEFINED,1.0,,,,,,,,,,,,,,,,
1320500,WARD_PLACED,,,,,,,,,UNDEFINED,1.0,,,,,,,,,,,,,,,,
1320500,WARD_PLACED,,,,,,,,,UNDEFINED,1.0,,,,,,,,,,,,,,,,
1320500,WARD_PLACED,,,,,,,,,UNDEFINED,1.0,,,,,,,,,,,,,,,,
1320500,WARD_PLACED,,,,,,,,,UNDEFINED,1.0,,,,,,,,,,,,,,,,
1320500,WARD_PLACED,,,,,,,,,UNDEFINED,1.0,,,,,,,,,,,,,,,,
1320500,SKILL_LEVEL_UP,1.0,,,,,2.0,,NORMAL,,,,,,,,,,,,,,,,,,
1320500,ITEM_PURCHASED,10.0,,,,2055.0,,,,,,,,,,,,,,,,,,,,,
1320500,ITEM_PURCHASED,10.0,,,,2055.0,,,,,,,,,,,,,,,,,,,,,
1320500,WARD_PLACED,,,,,,,,,SIGHT_WARD,5.0,,,,,,,,,,,,,,,,
1320500,LEVEL_UP,8.0,,,,,,13.0,,,,,,,,,,,,,,,,,,,
1320500,SKILL_LEVEL_UP,8.0,,,,,3.0,,NORMAL,,,,,,,,,,,,,,,,,,
1320500,WARD_PLACED,,,,,,,,,YELLOW_TRINKET,1.0,,,,,,,,,,,,,,,,
1320500,CHAMPION_KILL,,7.0,2.0,[8],,,,,,,,,,,390.0,,,,"{""x"": 14134, ""y"": 4718}",,349.0,0.0,,,,
1320500,CHAMPION_KILL,,3.0,7.0,"[2, 4, 5]",,,,,,,,,,,360.0,,,,"{""x"": 14056, ""y"": 4340}",,0.0,3.0,,,,
1320500,LEVEL_UP,4.0,,,,,,13.0,,,,,,,,,,,,,,,,,,,
1320500,CHAMPION_KILL,,4.0,8.0,"[2, 3, 5]",,,,,,,,,,,342.0,,,,"{""x"": 13955, ""y"": 4047}",,0.0,2.0,,,,
1320500,BUILDING_KILL,,3.0,,"[2, 4, 5]",,,,,,,200.0,BOT_LANE,TOWER_BUILDING,OUTER_TURRET,0.0,,,,"{""x"": 13866, ""y"": 4505}",,,,,,,
1320500,ITEM_PURCHASED,9.0,,,,1036.0,,,,,,,,,,,,,,,,,,,,,
1320500,ITEM_DESTROYED,7.0,,,,3134.0,,,,,,,,,,,,,,,,,,,,,
1320500,ITEM_DESTROYED,7.0,,,,2021.0,,,,,,,,,,,,,,,,,,,,,
1320500,ITEM_PURCHASED,7.0,,,,3814.0,,,,,,,,,,,,,,,,,,,,,
1320500,SKILL_LEVEL_UP,4.0,,,,,3.0,,NORMAL,,,,,,,,,,,,,,,,,,
1320500,ITEM_PURCHASED,7.0,,,,1036.0,,,,,,,,,,,,,,,,,,,,,
1320500,ITEM_PURCHASED,7.0,,,,1036.0,,,,,,,,,,,,,,,,,,,,,
1320500,LEVEL_UP,3.0,,,,,,15.0,,,,,,,,,,,,,,,,,,,
1320500,LEVEL_UP,5.0,,,,,,12.0,,,,,,,,,,,,,,,,,,,
1320500,SKILL_LEVEL_UP,5.0,,,,,3.0,,NORMAL,,,,,,,,,,,,,,,,,,
1320500,SKILL_LEVEL_UP,3.0,,,,,3.0,,NORMAL,,,,,,,,,,,,,,,,,,
1320500,WARD_PLACED,,,,,,,,,UNDEFINED,1.0,,,,,,,,,,,,,,,,
1320500,WARD_PLACED,,,,,,,,,UNDEFINED,1.0,,,,,,,,,,,,,,,,
1320500,WARD_PLACED,,,,,,,,,UNDEFINED,1.0,,,,,,,,,,,,,,,,
1320500,WARD_PLACED,,,,,,,,,UNDEFINED,1.0,,,,,,,,,,,,,,,,
1320500,WARD_PLACED,,,,,,,,,UNDEFINED,1.0,,,,,,,,,,,,,,,,
1320500,WARD_PLACED,,,,,,,,,UNDEFINED,1.0,,,,,,,,,,,,,,,,
1320500,WARD_PLACED,,,,,,,,,UNDEFINED,1.0,,,,,,,,,,,,,,,,
1320500,WARD_PLACED,,,,,,,,,UNDEFINED,1.0,,,,,,,,,,,,,,,,
1320500,WARD_PLACED,,,,,,,,,UNDEFINED,1.0,,,,,,,,,,,,,,,,
1320500,WARD_PLACED,,,,,,,,,UNDEFINED,1.0,,,,,,,,,,,,,,,,
1320500,WARD_PLACED,,,,,,,,,UNDEFINED,1.0,,,,,,,,,,,,,,,,
1320500,WARD_PLACED,,,,,,,,,UNDEFINED,1.0,,,,,,,,,,,,,,,,
1320500,WARD_PLACED,,,,,,,,,UNDEFINED,1.0,,,,,,,,,,,,,,,,
1320500,WARD_PLACED,,,,,,,,,UNDEFINED,1.0,,,,,,,,,,,,,,,,
1320500,WARD_PLACED,,,,,,,,,UNDEFINED,1.0,,,,,,,,,,,,,,,,
1320500,WARD_PLACED,,,,,,,,,UNDEFINED,1.0,,,,,,,,,,,,,,,,
1320500,WARD_PLACED,,,,,,,,,UNDEFINED,1.0,,,,,,,,,,,,,,,,
1320500,WARD_PLACED,,,,,,,,,UNDEFINED,1.0,,,,,,,,,,,,,,,,
1320500,ITEM_DESTROYED,2.0,,,,2422.0,,,,,,,,,,,,,,,,,,,,,
1320500,ITEM_DESTROYED,2.0,,,,1033.0,,,,,,,,,,,,,,,,,,,,,
1320500,ITEM_PURCHASED,2.0,,,,3111.0,,,,,,,,,,,,,,,,,,,,,
1380518,ITEM_DESTROYED,8.0,,,,1052.0,,,,,,,,,,,,,,,,,,,,,
1380518,ITEM_PURCHASED,8.0,,,,3113.0,,,,,,,,,,,,,,,,,,,,,
1380518,CHAMPION_KILL,,1.0,10.0,,,,,,,,,,,,126.0,,,,"{""x"": 10224, ""y"": 10026}",,0.0,2.0,,,,
1380518,CHAMPION_KILL,,9.0,1.0,"[6, 10]",,,,,,,,,,,390.0,,,,"{""x"": 10081, ""y"": 9860}",,194.0,0.0,,,,
1380518,LEVEL_UP,9.0,,,,,,12.0,,,,,,,,,,,,,,,,,,,
1380518,LEVEL_UP,6.0,,,,,,14.0,,,,,,,,,,,,,,,,,,,
1380518,LEVEL_UP,10.0,,,,,,11.0,,,,,,,,,,,,,,,,,,,
1380518,ITEM_UNDO,2.0,,,,,,,,,,,,,,,,,,,,,,0.0,3111.0,,
1380518,SKILL_LEVEL_UP,6.0,,,,,1.0,,NORMAL,,,,,,,,,,,,,,,,,,
1380518,SKILL_LEVEL_UP,10.0,,,,,4.0,,NORMAL,,,,,,,,,,,,,,,,,,
1380518,SKILL_LEVEL_UP,9.0,,,,,3.0,,NORMAL,,,,,,,,,,,,,,,,,,
1380518,WARD_PLACED,,,,,,,,,SIGHT_WARD,5.0,,,,,,,,,,,,,,,,
1380518,BUILDING_KILL,,3.0,,[4],,,,,,,200.0,BOT_LANE,TOWER_BUILDING,INNER_TURRET,0.0,,,,"{""x"": 13327, ""y"": 8226}",,,,,,,
1380518,ITEM_DESTROYED,2.0,,,,2422.0,,,,,,,,,,,,,,,,,,,,,
1380518,ITEM_PURCHASED,2.0,,,,3171.0,,,,,,,,,,,,,,,,,,,,,
1380518,ITEM_DESTROYED,1.0,,,,3047.0,,,,,,,,,,,,,,,,,,,,,
1380518,ITEM_PURCHASED,1.0,,,,3174.0,,,,,,,,,,,,,,,,,,,,,
1380518,ITEM_DESTROYED,1.0,,,,1036.0,,,,,,,,,,,,,,,,,,,,,
1380518,ITEM_PURCHASED,1.0,,,,3035.0,,,,,,,,,,,,,,,,,,,,,
1380518,ITEM_PURCHASED,1.0,,,,1036.0,,,,,,,,,,,,,,,,,,,,,
1380518,ITEM_DESTROYED,4.0,,,,1026.0,,,,,,,,,,,,,,,,,,,,,
1380518,ITEM_DESTROYED,4.0,,,,1052.0,,,,,,,,,,,,,,,,,,,,,
1380518,ITEM_PURCHASED,4.0,,,,3115.0,,,,,,,,,,,,,,,,,,,,,
1380518,WARD_PLACED,,,,,,,,,YELLOW_TRINKET,6.0,,,,,,,,,,,,,,,,
1380518,SKILL_LEVEL_UP,4.0,,,,,2.0,,EVOLVE,,,,,,,,,,,,,,,,,,
1380518,ITEM_DESTROYED,10.0,,,,1029.0,,,,,,,,,,,,,,,,,,,,,
1380518,ITEM_PURCHASED,10.0,,,,1031.0,,,,,,,,,,,,,,,,,,,,,
1380518,WARD_PLACED,,,,,,,,,SIGHT_WARD,5.0,,,,,,,,,,,,,,,,
1380518,WARD_PLACED,,,,,,,,,BLUE_TRINKET,3.0,,,,,,,,,,,,,,,,
1380518,WARD_PLACED,,,,,,,,,SIGHT_WARD,5.0,,,,,,,,,,,,,,,,
1380518,WARD_KILL,,7.0,,,,,,,SIGHT_WARD,,,,,,,,,,,,,,,,,
1380518,WARD_PLACED,,,,,,,,,BLUE_TRINKET,8.0,,,,,,,,,,,,,,,,
1380518,ITEM_DESTROYED,9.0,,,,1036.0,,,,,,,,,,,,,,,,,,,,,
1380518,ITEM_PURCHASED,9.0,,,,3035.0,,,,,,,,,,,,,,,,,,,,,
1380518,LEVEL_UP,2.0,,,,,,16.0,,,,,,,,,,,,,,,,,,,
1380518,SKILL_LEVEL_UP,2.0,,,,,4.0,,NORMAL,,,,,,,,,,,,,,,,,,
1380518,ITEM_DESTROYED,5.0,,,,2422.0,,,,,,,,,,,,,,,,,,,,,
1380518,ITEM_PURCHASED,5.0,,,,3158.0,,,,,,,,,,,,,,,,,,,,,
1380518,ITEM_PURCHASED,5.0,,,,2055.0,,,,,,,,,,,,,,,,,,,,,
1380518,ITEM_PURCHASED,5.0,,,,2055.0,,,,,,,,,,,,,,,,,,,,,
1380518,WARD_KILL,,10.0,,,,,,,SIGHT_WARD,,,,,,,,,,,,,,,,,
1440542,WARD_PLACED,,,,,,,,,SIGHT_WARD,10.0,,,,,,,,,,,,,,,,
1440542,LEVEL_UP,7.0,,,,,,13.0,,,,,,,,,,,,,,,,,,,
1440542,SKILL_LEVEL_UP,7.0,,,,,2.0,,NORMAL,,,,,,,,,,,,,,,,,,
1440542,WARD_KILL,,2.0,,,,,,,SIGHT_WARD,,,,,,,,,,,,,,,,,
1440542,ITEM_DESTROYED,6.0,,,,2021.0,,,,,,,,,,,,,,,,,,,,,
1440542,ITEM_DESTROYED,6.0,,,,3133.0,,,,,,,,,,,,,,,,,,,,,
1440542,ITEM_PURCHASED,6.0,,,,6610.0,,,,,,,,,,,,,,,,,,,,,
1440542,WARD_PLACED,,,,,,,,,BLUE_TRINKET,4.0,,,,,,,,,,,,,,,,
1440542,ITEM_DESTROYED,8.0,,,,3057.0,,,,,,,,,,,,,,,,,,,,,
1440542,ITEM_DESTROYED,8.0,,,,3113.0,,,,,,,,,,,,,,,,,,,,,
1440542,ITEM_PURCHASED,8.0,,,,3100.0,,,,,,,,,,,,,,,,,,,,,
1440542,ITEM_PURCHASED,8.0,,,,2055.0,,,,,,,,,,,,,,,,,,,,,
1440542,WARD_PLACED,,,,,,,,,SIGHT_WARD,5.0,,,,,,,,,,,,,,,,
1440542,WARD_PLACED,,,,,,,,,UNDEFINED,1.0,,,,,,,,,,,,,,,,
1440542,WARD_PLACED,,,,,,,,,UNDEFINED,1.0,,,,,,,,,,,,,,,,
1440542,WARD_PLACED,,,,,,,,,UNDEFINED,1.0,,,,,,,,,,,,,,,,
1440542,WARD_PLACED,,,,,,,,,UNDEFINED,1.0,,,,,,,,,,,,,,,,
1440542,WARD_PLACED,,,,,,,,,UNDEFINED,1.0,,,,,,,,,,,,,,,,
1440542,WARD_PLACED,,,,,,,,,UNDEFINED,1.0,,,,,,,,,,,,,,,,
1440542,WARD_PLACED,,,,,,,,,UNDEFINED,1.0,,,,,,,,,,,,,,,,
1440542,WARD_PLACED,,,,,,,,,UNDEFINED,1.0,,,,,,,,,,,,,,,,
1440542,WARD_PLACED,,,,,,,,,UNDEFINED,1.0,,,,,,,,,,,,,,,,
1440542,WARD_PLACED,,,,,,,,,UNDEFINED,1.0,,,,,,,,,,,,,,,,
1440542,WARD_PLACED,,,,,,,,,UNDEFINED,1.0,,,,,,,,,,,,,,,,
1440542,WARD_PLACED,,,,,,,,,UNDEFINED,1.0,,,,,,,,,,,,,,,,
1440542,WARD_PLACED,,,,,,,,,UNDEFINED,1.0,,,,,,,,,,,,,,,,
1440542,WARD_PLACED,,,,,,,,,UNDEFINED,1.0,,,,,,,,,,,,,,,,
1440542,WARD_PLACED,,,,,,,,,UNDEFINED,1.0,,,,,,,,,,,,,,,,
1440542,WARD_PLACED,,,,,,,,,UNDEFINED,1.0,,,,,,,,,,,,,,,,
1440542,WARD_PLACED,,,,,,,,,UNDEFINED,1.0,,,,,,,,,,,,,,,,
1440542,WARD_PLACED,,,,,,,,,UNDEFINED,1.0,,,,,,,,,,,,,,,,
1440542,CHAMPION_KILL,,3.0,9.0,"[1, 5]",,,,,,,,,,,360.0,,,,"{""x"": 13574, ""y"": 6591}",,0.0,4.0,,,,
1440542,WARD_PLACED,,,,,,,,,YELLOW_TRINKET,6.0,,,,,,,,,,,,,,,,
1440542,LEVEL_UP,1.0,,,,,,16.0,,,,,,,,,,,,,,,,,,,
1440542,SKILL_LEVEL_UP,1.0,,,,,4.0,,NORMAL,,,,,,,,,,,,,,,,,,
1440542,LEVEL_UP,6.0,,,,,,15.0,,,,,,,,,,,,,,,,,,,
1440542,ITEM_PURCHASED,9.0,,,,1036.0,,,,,,,,,,,,,,,,,,,,,
1440542,WARD_PLACED,,,,,,,,,YELLOW_TRINKET,1.0,,,,,,,,,,,,,,,,
1440542,SKILL_LEVEL_UP,6.0,,,,,1.0,,NORMAL,,,,,,,,,,,,,,,,,,
1440542,ITEM_DESTROYED,8.0,,,,2055.0,,,,,,,,,,,,,,,,,,,,,
1440542,WARD_PLACED,,,,,,,,,CONTROL_WARD,8.0,,,,,,,,,,,,,,,,
1500544,WARD_PLACED,,,,,,,,,SIGHT_WARD,5.0,,,,,,,,,,,,,,,,
1500544,ITEM_PURCHASED,6.0,,,,1052.0,,,,,,,,,,,,,,,,,,,,,
1500544,WARD_PLACED,,,,,,,,,SIGHT_WARD,5.0,,,,,,,,,,,,,,,,
1500544,WARD_KILL,,8.0,,,,,,,SIGHT_WARD,,,,,,,,,,,,,,,,,
1500544,WARD_PLACED,,,,,,,,,SIGHT_WARD,10.0,,,,,,,,,,,,,,,,
1500544,LEVEL_UP,8.0,,,,,,14.0,,,,,,,,,,,,,,,,,,,
1500544,ITEM_DESTROYED,5.0,,,,2055.0,,,,,,,,,,,,,,,,,,,,,
1500544,WARD_PLACED,,,,,,,,,CONTROL_WARD,5.0,,,,,,,,,,,,,,,,
1500544,SKILL_LEVEL_UP,8.0,,,,,2.0,,NORMAL,,,,,,,,,,,,,,,,,,
1500544,WARD_PLACED,,,,,,,,,SIGHT_WARD,5.0,,,,,,,,,,,,,,,,
1500544,WARD_PLACED,,,,,,,,,SIGHT_WARD,10.0,,,,,,,,,,,,,,,,
1500544,WARD_KILL,,10.0,,,,,,,CONTROL_WARD,,,,,,,,,,,,,,,,,
1500544,ELITE_MONSTER_KILL,,4.0,,"[2, 3, 5]",,,,,,,,,,,0.0,,DRAGON,AIR_DRAGON,"{""x"": 9837, ""y"": 4397}",,,,,,,
1500544,WARD_PLACED,,,,,,,,,UNDEFINED,1.0,,,,,,,,,,,,,,,,
1500544,WARD_PLACED,,,,,,,,,UNDEFINED,1.0,,,,,,,,,,,,,,,,
1500544,WARD_PLACED,,,,,,,,,UNDEFINED,1.0,,,,,,,,,,,,,,,,
1500544,WARD_PLACED,,,,,,,,,UNDEFINED,1.0,,,,,,,,,,,,,,,,
1500544,WARD_PLACED,,,,,,,,,UNDEFINED,1.0,,,,,,,,,,,,,,,,
1500544,WARD_PLACED,,,,,,,,,UNDEFINED,1.0,,,,,,,,,,,,,,,,
1500544,WARD_PLACED,,,,,,,,,UNDEFINED,1.0,,,,,,,,,,,,,,,,
1500544,WARD_PLACED,,,,,,,,,UNDEFINED,1.0,,,,,,,,,,,,,,,,
1500544,WARD_PLACED,,,,,,,,,UNDEFINED,1.0,,,,,,,,,,,,,,,,
1500544,WARD_PLACED,,,,,,,,,UNDEFINED,1.0,,,,,,,,,,,,,,,,
1500544,WARD_PLACED,,,,,,,,,UNDEFINED,1.0,,,,,,,,,,,,,,,,
1500544,WARD_PLACED,,,,,,,,,UNDEFINED,1.0,,,,,,,,,,,,,,,,
1500544,WARD_PLACED,,,,,,,,,UNDEFINED,1.0,,,,,,,,,,,,,,,,
1500544,WARD_PLACED,,,,,,,,,UNDEFINED,1.0,,,,,,,,,,,,,,,,
1500544,WARD_PLACED,,,,,,,,,UNDEFINED,1.0,,,,,,,,,,,,,,,,
1500544,WARD_PLACED,,,,,,,,,UNDEFINED,1.0,,,,,,,,,,,,,,,,
1500544,WARD_PLACED,,,,,,,,,UNDEFINED,1.0,,,,,,,,,,,,,,,,
1500544,WARD_PLACED,,,,,,,,,UNDEFINED,1.0,,,,,,,,,,,,,,,,
1500544,WARD_PLACED,,,,,,,,,UNDEFINED,1.0,,,,,,,,,,,,,,,,
1500544,WARD_PLACED,,,,,,,,,UNDEFINED,1.0,,,,,,,,,,,,,,,,
1500544,WARD_PLACED,,,,,,,,,UNDEFINED,1.0,,,,,,,,,,,,,,,,
1500544,WARD_PLACED,,,,,,,,,UNDEFINED,1.0,,,,,,,,,,,,,,,,
1500544,WARD_PLACED,,,,,,,,,UNDEFINED,1.0,,,,,,,,,,,,,,,,
1500544,WARD_PLACED,,,,,,,,,UNDEFINED,1.0,,,,,,,,,,,,,,,,
1500544,WARD_PLACED,,,,,,,,,UNDEFINED,1.0,,,,,,,,,,,,,,,,
1500544,WARD_PLACED,,,,,,,,,UNDEFINED,1.0,,,,,,,,,,,,,,,,
1500544,WARD_PLACED,,,,,,,,,UNDEFINED,1.0,,,,,,,,,,,,,,,,
1500544,WARD_PLACED,,,,,,,,,UNDEFINED,1.0,,,,,,,,,,,,,,,,
1500544,WARD_PLACED,,,,,,,,,UNDEFINED,1.0,,,,,,,,,,,,,,,,
1500544,WARD_PLACED,,,,,,,,,UNDEFINED,1.0,,,,,,,,,,,,,,,,
1500544,WARD_PLACED,,,,,,,,,UNDEFINED,1.0,,,,,,,,,,,,,,,,
1500544,WARD_PLACED,,,,,,,,,UNDEFINED,1.0,,,,,,,,,,,,,,,,
1500544,WARD_PLACED,,,,,,,,,UNDEFINED,1.0,,,,,,,,,,,,,,,,
1500544,WARD_PLACED,,,,,,,,,UNDEFINED,1.0,,,,,,,,,,,,,,,,
1500544,WARD_PLACED,,,,,,,,,UNDEFINED,1.0,,,,,,,,,,,,,,,,
1500544,WARD_PLACED,,,,,,,,,UNDEFINED,1.0,,,,,,,,,,,,,,,,
1500544,LEVEL_UP,4.0,,,,,,14.0,,,,,,,,,,,,,,,,,,,
1500544,CHAMPION_KILL,,4.0,10.0,"[1, 3, 5]",,,,,,,,,,,130.0,,,,"{""x"": 11164, ""y"": 9951}",,0.0,3.0,,,,
1560556,SKILL_LEVEL_UP,4.0,,,,,2.0,,NORMAL,,,,,,,,,,,,,,,,,,
1560556,CHAMPION_KILL,,2.0,9.0,"[3, 5]",,,,,,,,,,,353.0,,,,"{""x"": 11733, ""y"": 11211}",,0.0,0.0,,,,
1560556,LEVEL_UP,5.0,,,,,,13.0,,,,,,,,,,,,,,,,,,,
1560556,ITEM_PURCHASED,6.0,,,,1052.0,,,,,,,,,,,,,,,,,,,,,
1560556,BUILDING_KILL,,1.0,,"[3, 4, 5]",,,,,,,200.0,MID_LANE,TOWER_BUILDING,BASE_TURRET,0.0,,,,"{""x"": 11134, ""y"": 11207}",,,,,,,
1560556,SKILL_LEVEL_UP,5.0,,,,,3.0,,NORMAL,,,,,,,,,,,,,,,,,,
1560556,ITEM_SOLD,6.0,,,,1054.0,,,,,,,,,,,,,,,,,,,,,
1560556,ITEM_PURCHASED,6.0,,,,1029.0,,,,,,,,,,,,,,,,,,,,,
1560556,BUILDING_KILL,,4.0,,"[1, 3, 5]",,,,,,,200.0,MID_LANE,INHIBITOR_BUILDING,,0.0,,,,"{""x"": 11593, ""y"": 11669}",,,,,,,
1560556,WARD_KILL,,2.0,,,,,,,CONTROL_WARD,,,,,,,,,,,,,,,,,
1560556,CHAMPION_KILL,,4.0,8.0,"[3, 5]",,,,,,,,,,,309.0,,,,"{""x"": 13574, ""y"": 10869}",,0.0,4.0,,,,
1560556,WARD_PLACED,,,,,,,,,YELLOW_TRINKET,6.0,,,,,,,,,,,,,,,,
1560556,BUILDING_KILL,,4.0,,"[3, 5]",,,,,,,200.0,MID_LANE,TOWER_BUILDING,NEXUS_TURRET,0.0,,,,"{""x"": 13052, ""y"": 12612}",,,,,,,
1560556,LEVEL_UP,3.0,,,,,,16.0,,,,,,,,,,,,,,,,,,,
1560556,LEVEL_UP,7.0,,,,,,14.0,,,,,,,,,,,,,,,,,,,
1560556,SKILL_LEVEL_UP,3.0,,,,,4.0,,NORMAL,,,,,,,,,,,,,,,,,,
1560556,SKILL_LEVEL_UP,7.0,,,,,3.0,,NORMAL,,,,,,,,,,,,,,,,,,
1560556,ITEM_PURCHASED,8.0,,,,1028.0,,,,,,,,,,,,,,,,,,,,,
1560556,WARD_PLACED,,,,,,,,,UNDEFINED,1.0,,,,,,,,,,,,,,,,
1560556,WARD_PLACED,,,,,,,,,UNDEFINED,1.0,,,,,,,,,,,,,,,,
1560556,WARD_PLACED,,,,,,,,,UNDEFINED,1.0,,,,,,,,,,,,,,,,
1560556,WARD_PLACED,,,,,,,,,UNDEFINED,1.0,,,,,,,,,,,,,,,,
1560556,WARD_PLACED,,,,,,,,,UNDEFINED,1.0,,,,,,,,,,,,,,,,
1560556,WARD_PLACED,,,,,,,,,UNDEFINED,1.0,,,,,,,,,,,,,,,,
1560556,WARD_PLACED,,,,,,,,,UNDEFINED,1.0,,,,,,,,,,,,,,,,
1560556,WARD_PLACED,,,,,,,,,UNDEFINED,1.0,,,,,,,,,,,,,,,,
1560556,WARD_PLACED,,,,,,,,,UNDEFINED,1.0,,,,,,,,,,,,,,,,
1560556,WARD_PLACED,,,,,,,,,UNDEFINED,1.0,,,,,,,,,,,,,,,,
1560556,WARD_PLACED,,,,,,,,,UNDEFINED,1.0,,,,,,,,,,,,,,,,
1560556,WARD_PLACED,,,,,,,,,UNDEFINED,1.0,,,,,,,,,,,,,,,,
1560556,WARD_PLACED,,,,,,,,,UNDEFINED,1.0,,,,,,,,,,,,,,,,
1560556,WARD_PLACED,,,,,,,,,UNDEFINED,1.0,,,,,,,,,,,,,,,,
1560556,WARD_PLACED,,,,,,,,,UNDEFINED,1.0,,,,,,,,,,,,,,,,
1560556,WARD_PLACED,,,,,,,,,UNDEFINED,1.0,,,,,,,,,,,,,,,,
1560556,WARD_PLACED,,,,,,,,,UNDEFINED,1.0,,,,,,,,,,,,,,,,
1560556,WARD_PLACED,,,,,,,,,UNDEFINED,1.0,,,,,,,,,,,,,,,,
1560556,ITEM_DESTROYED,7.0,,,,1036.0,,,,,,,,,,,,,,,,,,,,,
1560556,ITEM_DESTROYED,7.0,,,,1036.0,,,,,,,,,,,,,,,,,,,,,
1560556,ITEM_PURCHASED,7.0,,,,3035.0,,,,,,,,,,,,,,,,,,,,,
1560556,CHAMPION_KILL,,3.0,10.0,"[1, 5]",,,,,,,,,,,100.0,,,,"{""x"": 11877, ""y"": 13307}",,0.0,5.0,,,,
1560556,LEVEL_UP,1.0,,,,,,17.0,,,,,,,,,,,,,,,,,,,
1584176,CHAMPION_KILL,,2.0,9.0,"[1, 3, 4, 5]",,,,,,,,,,,248.0,,,,"{""x"": 11352, ""y"": 12183}",,0.0,1.0,,,,
1584176,SKILL_LEVEL_UP,1.0,,,,,2.0,,NORMAL,,,,,,,,,,,,,,,,,,
1584176,BUILDING_KILL,,1.0,,"[2, 4, 5]",,,,,,,200.0,MID_LANE,TOWER_BUILDING,NEXUS_TURRET,0.0,,,,"{""x"": 12611, ""y"": 13084}",,,,,,,
1584176,CHAMPION_KILL,,3.0,7.0,[1],,,,,,,,,,,380.0,,,,"{""x"": 14262, ""y"": 13243}",,0.0,6.0,,,,
1584176,LEVEL_UP,2.0,,,,,,17.0,,,,,,,,,,,,,,,,,,,
1584176,CHAMPION_KILL,,3.0,8.0,"[2, 5]",,,,,,,,,,,216.0,,,,"{""x"": 13624, ""y"": 13202}",,0.0,7.0,,,,
1584176,CHAMPION_SPECIAL_KILL,,3.0,,,,,,,,,,,,,,2.0,,,"{""x"": 13714, ""y"": 12915}",,,,,,,
1584176,LEVEL_UP,5.0,,,,,,14.0,,,,,,,,,,,,,,,,,,,
1584176,GAME_END,,,,,,,,,,,,,,,,,,,,1757636403598.0,,,,,,
